dt,AverageTemperature,AverageTemperatureUncertainty,Country
1787-01-01,13.322,2.975,Algeria
1787-02-01,14.839,2.307,Algeria
1787-03-01,18.841,2.922,Algeria
1787-04-01,22.061,2.283,Algeria
1787-05-01,27.104,3.774,Algeria
1787-06-01,32.289,3.087,Algeria
1787-07-01,32.692,4.224,Algeria
1787-08-01,33.049,3.668,Algeria
1787-09-01,,,Algeria
1787-10-01,,,Algeria
1787-11-01,,,Algeria
1787-12-01,,,Algeria
1788-01-01,,,Algeria
1788-02-01,,,Algeria
1788-03-01,,,Algeria
1788-04-01,,,Algeria
1788-05-01,,,Algeria
1788-06-01,,,Algeria
1788-07-01,,,Algeria
1788-08-01,,,Algeria
1788-09-01,,,Algeria
1788-10-01,,,Algeria
1788-11-01,,,Algeria
1788-12-01,10.343,3.445,Algeria
1789-01-01,,,Algeria
1789-02-01,13.978,3.185,Algeria
1789-03-01,17.074,3.725,Algeria
1789-04-01,21.967,2.338,Algeria
1789-05-01,27.908,2.984,Algeria
1789-06-01,31.056,1.843,Algeria
1789-07-01,33.83,1.943,Algeria
1789-08-01,32.711,1.732,Algeria
1789-09-01,29.39,1.89,Algeria
1789-10-01,22.407,2.748,Algeria
1789-11-01,16.476,1.832,Algeria
1789-12-01,11.922,2.078,Algeria
1790-01-01,11.94,3.577,Algeria
1790-02-01,14.646,3.835,Algeria
1790-03-01,18.346,1.998,Algeria
1790-04-01,20.736,2.344,Algeria
1790-05-01,26.598,1.821,Algeria
1790-06-01,32.173,2.252,Algeria
1790-07-01,33.273,2.104,Algeria
1790-08-01,33.287,1.892,Algeria
1790-09-01,29.449,2.236,Algeria
1790-10-01,24.293,2.271,Algeria
1790-11-01,17.471,1.778,Algeria
1790-12-01,12.776,6.577,Algeria
1791-01-01,13.234,5.401,Algeria
1791-02-01,14.78,1.778,Algeria
1791-03-01,19.082,2.954,Algeria
1791-04-01,23.041,2.279,Algeria
1791-05-01,26.394,2.121,Algeria
1791-06-01,30.836,1.922,Algeria
1791-07-01,33.109,1.84,Algeria
1791-08-01,33.3,1.511,Algeria
1791-09-01,29.286,1.878,Algeria
1791-10-01,23.075,1.553,Algeria
1791-11-01,18.46,1.664,Algeria
1791-12-01,12.958,1.791,Algeria
1792-01-01,11.177,3.278,Algeria
1792-02-01,15.496,2.857,Algeria
1792-03-01,18.282,2.001,Algeria
1792-04-01,22.485,2.076,Algeria
1792-05-01,27.775,1.874,Algeria
1792-06-01,32.425,1.808,Algeria
1792-07-01,33.391,1.916,Algeria
1792-08-01,31.208,1.915,Algeria
1792-09-01,29.701,2.786,Algeria
1792-10-01,23.446,2.074,Algeria
1792-11-01,17.091,2.465,Algeria
1792-12-01,12.409,2.559,Algeria
1793-01-01,10.037,2.994,Algeria
1793-02-01,15.225,3.742,Algeria
1793-03-01,18.368,3.057,Algeria
1793-04-01,22.453,2.267,Algeria
1793-05-01,26.957,1.865,Algeria
1793-06-01,31.1,2.406,Algeria
1793-07-01,33.653,3.384,Algeria
1793-08-01,32.475,3.14,Algeria
1793-09-01,30.23,2.168,Algeria
1793-10-01,23.026,2.957,Algeria
1793-11-01,17.025,3.331,Algeria
1793-12-01,12.298,1.667,Algeria
1794-01-01,12.607,3.071,Algeria
1794-02-01,14.472,4.843,Algeria
1794-03-01,18.784,1.89,Algeria
1794-04-01,23.563,1.747,Algeria
1794-05-01,27.626,1.911,Algeria
1794-06-01,29.282,2.214,Algeria
1794-07-01,31.915,2.877,Algeria
1794-08-01,32.465,1.884,Algeria
1794-09-01,29.255,2.355,Algeria
1794-10-01,23.864,2.247,Algeria
1794-11-01,17.281,2.352,Algeria
1794-12-01,12.267,2.336,Algeria
1795-01-01,12.939,2.443,Algeria
1795-02-01,15.865,3.898,Algeria
1795-03-01,19.03,1.844,Algeria
1795-04-01,22.889,2.384,Algeria
1795-05-01,27.89,3.131,Algeria
1795-06-01,31.273,2.435,Algeria
1795-07-01,33.808,3.09,Algeria
1795-08-01,32.764,2.15,Algeria
1795-09-01,28.66,3.319,Algeria
1795-10-01,,,Algeria
1795-11-01,16.947,2.558,Algeria
1795-12-01,11.744,2.469,Algeria
1796-01-01,11.737,2.89,Algeria
1796-02-01,14.342,1.855,Algeria
1796-03-01,17.204,2.162,Algeria
1796-04-01,22.123,1.883,Algeria
1796-05-01,27.473,1.901,Algeria
1796-06-01,32.056,2.96,Algeria
1796-07-01,33.769,2.499,Algeria
1796-08-01,33.82,3.327,Algeria
1796-09-01,29.66,3.206,Algeria
1796-10-01,24.584,1.946,Algeria
1796-11-01,17.816,2.589,Algeria
1796-12-01,11.272,2.565,Algeria
1797-01-01,13.541,5.828,Algeria
1797-02-01,16.023,2.35,Algeria
1797-03-01,17.321,2.357,Algeria
1797-04-01,21.217,2.865,Algeria
1797-05-01,26.242,2.224,Algeria
1797-06-01,31.48,2.454,Algeria
1797-07-01,33.074,2.15,Algeria
1797-08-01,33.078,2.255,Algeria
1797-09-01,29.55,2.824,Algeria
1797-10-01,23.506,2.217,Algeria
1797-11-01,16.042,2.508,Algeria
1797-12-01,12.468,2.721,Algeria
1798-01-01,12.437,1.928,Algeria
1798-02-01,13.901,2.025,Algeria
1798-03-01,19.282,1.901,Algeria
1798-04-01,22.155,1.842,Algeria
1798-05-01,27.308,2.754,Algeria
1798-06-01,30.995,2.279,Algeria
1798-07-01,34.562,2.583,Algeria
1798-08-01,33.684,3.438,Algeria
1798-09-01,29.063,2.615,Algeria
1798-10-01,23.208,2.42,Algeria
1798-11-01,18.835,2.413,Algeria
1798-12-01,12.768,2.138,Algeria
1799-01-01,11.948,1.898,Algeria
1799-02-01,14.512,1.934,Algeria
1799-03-01,18.324,2.614,Algeria
1799-04-01,22.662,2.553,Algeria
1799-05-01,27.092,1.609,Algeria
1799-06-01,31.726,2.418,Algeria
1799-07-01,34.319,2.633,Algeria
1799-08-01,33.061,1.864,Algeria
1799-09-01,30.098,2.775,Algeria
1799-10-01,24.77,2.444,Algeria
1799-11-01,17.538,2.242,Algeria
1799-12-01,12.717,2.057,Algeria
1800-01-01,12.948,1.76,Algeria
1800-02-01,16.069,3.479,Algeria
1800-03-01,18.146,2.302,Algeria
1800-04-01,23.307,1.882,Algeria
1800-05-01,26.812,1.747,Algeria
1800-06-01,31.605,1.857,Algeria
1800-07-01,34.074,1.579,Algeria
1800-08-01,32.794,2.044,Algeria
1800-09-01,28.647,2.353,Algeria
1800-10-01,24.642,1.938,Algeria
1800-11-01,17.7,1.663,Algeria
1800-12-01,13.283,2.255,Algeria
1801-01-01,12.523,1.609,Algeria
1801-02-01,14.582,1.51,Algeria
1801-03-01,19.813,1.761,Algeria
1801-04-01,22.557,2.038,Algeria
1801-05-01,28.169,1.968,Algeria
1801-06-01,31.283,2.124,Algeria
1801-07-01,34.37,2.163,Algeria
1801-08-01,32.052,2.031,Algeria
1801-09-01,28.968,1.938,Algeria
1801-10-01,23.811,1.92,Algeria
1801-11-01,17.839,1.93,Algeria
1801-12-01,13.857,3.004,Algeria
1802-01-01,12.632,2.158,Algeria
1802-02-01,14.486,1.999,Algeria
1802-03-01,19.279,2.22,Algeria
1802-04-01,22.37,2.117,Algeria
1802-05-01,26.829,2.119,Algeria
1802-06-01,33.522,1.892,Algeria
1802-07-01,34.146,1.932,Algeria
1802-08-01,33.55,1.839,Algeria
1802-09-01,29.744,2.413,Algeria
1802-10-01,24.479,2.345,Algeria
1802-11-01,17.877,2.211,Algeria
1802-12-01,12.839,2.005,Algeria
1803-01-01,11.839,2.994,Algeria
1803-02-01,12.082,1.956,Algeria
1803-03-01,,,Algeria
1803-04-01,23.892,2.132,Algeria
1803-05-01,27.632,1.973,Algeria
1803-06-01,32.455,1.909,Algeria
1803-07-01,34.446,2.039,Algeria
1803-08-01,34.527,2.18,Algeria
1803-09-01,30.342,1.852,Algeria
1803-10-01,23.753,2.467,Algeria
1803-11-01,17.912,2.348,Algeria
1803-12-01,12.04,2.308,Algeria
1804-01-01,11.956,2.568,Algeria
1804-02-01,13.108,2.292,Algeria
1804-03-01,18.259,2.186,Algeria
1804-04-01,24.219,2.188,Algeria
1804-05-01,28.177,1.679,Algeria
1804-06-01,32.979,1.781,Algeria
1804-07-01,35.148,2.643,Algeria
1804-08-01,33.574,2.261,Algeria
1804-09-01,29.613,2.913,Algeria
1804-10-01,23.793,2.05,Algeria
1804-11-01,18.936,2.888,Algeria
1804-12-01,12.781,2.458,Algeria
1805-01-01,12.865,1.999,Algeria
1805-02-01,14.246,1.944,Algeria
1805-03-01,18.557,1.622,Algeria
1805-04-01,21.887,2.436,Algeria
1805-05-01,26.978,1.534,Algeria
1805-06-01,32.493,1.735,Algeria
1805-07-01,33.746,2.087,Algeria
1805-08-01,34.272,2.149,Algeria
1805-09-01,29.483,2.036,Algeria
1805-10-01,23.161,1.546,Algeria
1805-11-01,16.534,2.353,Algeria
1805-12-01,12.305,1.695,Algeria
1806-01-01,11.322,1.837,Algeria
1806-02-01,14.249,2.996,Algeria
1806-03-01,18.224,1.858,Algeria
1806-04-01,21.945,2.142,Algeria
1806-05-01,27.149,1.645,Algeria
1806-06-01,31.188,1.748,Algeria
1806-07-01,33.969,1.742,Algeria
1806-08-01,33.721,1.959,Algeria
1806-09-01,29.4,1.881,Algeria
1806-10-01,23.386,1.526,Algeria
1806-11-01,17.119,1.874,Algeria
1806-12-01,12.829,2.158,Algeria
1807-01-01,10.586,2.066,Algeria
1807-02-01,14.242,3.754,Algeria
1807-03-01,17.829,2.503,Algeria
1807-04-01,21.293,2.101,Algeria
1807-05-01,26.143,2.014,Algeria
1807-06-01,31.924,1.601,Algeria
1807-07-01,33.718,2.89,Algeria
1807-08-01,32.753,1.88,Algeria
1807-09-01,30.918,1.514,Algeria
1807-10-01,24.172,1.663,Algeria
1807-11-01,17.407,1.81,Algeria
1807-12-01,12.92,1.783,Algeria
1808-01-01,11.704,2.132,Algeria
1808-02-01,12.506,1.876,Algeria
1808-03-01,17.61,2.735,Algeria
1808-04-01,21.484,1.71,Algeria
1808-05-01,26.243,2.76,Algeria
1808-06-01,31.703,1.805,Algeria
1808-07-01,34.574,1.453,Algeria
1808-08-01,32.06,1.983,Algeria
1808-09-01,29.944,1.978,Algeria
1808-10-01,21.764,1.732,Algeria
1808-11-01,16.314,1.896,Algeria
1808-12-01,9.775,1.764,Algeria
1809-01-01,10.645,2.705,Algeria
1809-02-01,13.387,2.653,Algeria
1809-03-01,16.631,2.006,Algeria
1809-04-01,21.115,2.652,Algeria
1809-05-01,25.566,2.637,Algeria
1809-06-01,31.303,1.471,Algeria
1809-07-01,32.39,1.681,Algeria
1809-08-01,31.996,1.817,Algeria
1809-09-01,28.02,2.103,Algeria
1809-10-01,23.257,3.595,Algeria
1809-11-01,15.138,1.913,Algeria
1809-12-01,11.462,2.794,Algeria
1810-01-01,10.336,4.471,Algeria
1810-02-01,13.718,3.742,Algeria
1810-03-01,19.461,2.332,Algeria
1810-04-01,21.799,2.835,Algeria
1810-05-01,25.74,2.593,Algeria
1810-06-01,30.205,2.606,Algeria
1810-07-01,31.414,2.652,Algeria
1810-08-01,31.583,2.37,Algeria
1810-09-01,27.27,2.05,Algeria
1810-10-01,21.638,3.463,Algeria
1810-11-01,15.113,2.516,Algeria
1810-12-01,11.602,2.065,Algeria
1811-01-01,11.949,2.752,Algeria
1811-02-01,13.501,3.52,Algeria
1811-03-01,17.912,1.955,Algeria
1811-04-01,21.015,1.829,Algeria
1811-05-01,25.374,2.888,Algeria
1811-06-01,30.44,3.404,Algeria
1811-07-01,31.542,2.776,Algeria
1811-08-01,32.066,3.415,Algeria
1811-09-01,28.658,2.419,Algeria
1811-10-01,21.718,3.621,Algeria
1811-11-01,16.143,3.996,Algeria
1811-12-01,12.26,2.439,Algeria
1812-01-01,9.731,2.263,Algeria
1812-02-01,12.322,1.809,Algeria
1812-03-01,15.512,3.169,Algeria
1812-04-01,21.214,3.046,Algeria
1812-05-01,25.086,2.562,Algeria
1812-06-01,30.472,1.606,Algeria
1812-07-01,32.884,2.257,Algeria
1812-08-01,33.647,4.193,Algeria
1812-09-01,28.195,1.659,Algeria
1812-10-01,22.445,2.681,Algeria
1812-11-01,17.134,2.66,Algeria
1812-12-01,11.732,2.667,Algeria
1813-01-01,9.526,3.428,Algeria
1813-02-01,13.551,1.721,Algeria
1813-03-01,16.181,6.109,Algeria
1813-04-01,22.066,1.799,Algeria
1813-05-01,27.27,5.041,Algeria
1813-06-01,30.822,2.384,Algeria
1813-07-01,32.79,1.746,Algeria
1813-08-01,31.893,1.612,Algeria
1813-09-01,29.031,2.118,Algeria
1813-10-01,23.514,1.669,Algeria
1813-11-01,18.293,2.327,Algeria
1813-12-01,11.894,2.543,Algeria
1814-01-01,10.655,3.187,Algeria
1814-02-01,13.001,1.886,Algeria
1814-03-01,16.802,2.037,Algeria
1814-04-01,21.303,1.975,Algeria
1814-05-01,24.719,2.056,Algeria
1814-06-01,31.153,1.906,Algeria
1814-07-01,31.333,2.766,Algeria
1814-08-01,31.774,1.996,Algeria
1814-09-01,27.687,1.988,Algeria
1814-10-01,22.209,3.393,Algeria
1814-11-01,18.359,4.933,Algeria
1814-12-01,14.067,5.774,Algeria
1815-01-01,11.437,2.031,Algeria
1815-02-01,14.149,4.556,Algeria
1815-03-01,17.609,3.55,Algeria
1815-04-01,21.919,2.246,Algeria
1815-05-01,26.532,2.503,Algeria
1815-06-01,29.169,2.403,Algeria
1815-07-01,33.445,2.481,Algeria
1815-08-01,31.855,2.18,Algeria
1815-09-01,29.085,1.956,Algeria
1815-10-01,22.536,3.142,Algeria
1815-11-01,16.406,2.228,Algeria
1815-12-01,11.376,2.394,Algeria
1816-01-01,11.626,3.087,Algeria
1816-02-01,11.847,2.414,Algeria
1816-03-01,16.938,2.312,Algeria
1816-04-01,21.505,3.447,Algeria
1816-05-01,26.919,2.285,Algeria
1816-06-01,29.609,1.792,Algeria
1816-07-01,31.694,1.826,Algeria
1816-08-01,31.611,1.711,Algeria
1816-09-01,27.986,1.616,Algeria
1816-10-01,21.816,5.434,Algeria
1816-11-01,16.71,6.149,Algeria
1816-12-01,11.895,1.963,Algeria
1817-01-01,11.741,4.339,Algeria
1817-02-01,15.507,2.676,Algeria
1817-03-01,19.109,2.568,Algeria
1817-04-01,21.961,2.134,Algeria
1817-05-01,25.991,2.558,Algeria
1817-06-01,29.932,2.064,Algeria
1817-07-01,32.055,1.771,Algeria
1817-08-01,32.399,2.39,Algeria
1817-09-01,27.389,2.429,Algeria
1817-10-01,22.695,2.521,Algeria
1817-11-01,17.698,2.043,Algeria
1817-12-01,11.409,1.851,Algeria
1818-01-01,11.604,3.453,Algeria
1818-02-01,14.179,1.952,Algeria
1818-03-01,19.771,2.309,Algeria
1818-04-01,23.441,5.086,Algeria
1818-05-01,26.91,2.887,Algeria
1818-06-01,31.249,3.757,Algeria
1818-07-01,32.943,3.03,Algeria
1818-08-01,32.08,1.775,Algeria
1818-09-01,28.761,2.729,Algeria
1818-10-01,22.486,2.233,Algeria
1818-11-01,17.754,4.655,Algeria
1818-12-01,12.799,2.104,Algeria
1819-01-01,10.617,3.105,Algeria
1819-02-01,13.699,3.474,Algeria
1819-03-01,17.55,5.785,Algeria
1819-04-01,21.862,1.567,Algeria
1819-05-01,26.809,1.679,Algeria
1819-06-01,30.922,2.301,Algeria
1819-07-01,32.765,1.789,Algeria
1819-08-01,31.842,2.042,Algeria
1819-09-01,28.099,1.539,Algeria
1819-10-01,23.926,1.674,Algeria
1819-11-01,17.207,2.043,Algeria
1819-12-01,11.661,2.671,Algeria
1820-01-01,11.392,5.794,Algeria
1820-02-01,14.214,2.016,Algeria
1820-03-01,16.954,1.884,Algeria
1820-04-01,22.785,1.536,Algeria
1820-05-01,28.19,2.186,Algeria
1820-06-01,31.783,1.752,Algeria
1820-07-01,33.241,2.937,Algeria
1820-08-01,31.522,1.904,Algeria
1820-09-01,29.337,1.888,Algeria
1820-10-01,22.346,1.416,Algeria
1820-11-01,15.543,1.765,Algeria
1820-12-01,11.372,1.369,Algeria
1821-01-01,12.79,2.974,Algeria
1821-02-01,13.685,3.629,Algeria
1821-03-01,18.31,2.263,Algeria
1821-04-01,21.548,2.066,Algeria
1821-05-01,27.934,1.874,Algeria
1821-06-01,30.876,2.9,Algeria
1821-07-01,32.675,1.682,Algeria
1821-08-01,32.333,1.447,Algeria
1821-09-01,28.833,2.418,Algeria
1821-10-01,23.073,2,Algeria
1821-11-01,17.264,2.521,Algeria
1821-12-01,12.806,1.742,Algeria
1822-01-01,11.111,2.534,Algeria
1822-02-01,14.783,2.107,Algeria
1822-03-01,20.106,1.643,Algeria
1822-04-01,22.516,1.889,Algeria
1822-05-01,26.91,1.783,Algeria
1822-06-01,32.086,1.551,Algeria
1822-07-01,33.944,1.834,Algeria
1822-08-01,32.775,2.242,Algeria
1822-09-01,29.207,1.946,Algeria
1822-10-01,22.747,1.564,Algeria
1822-11-01,16.873,1.806,Algeria
1822-12-01,11.193,2.317,Algeria
1823-01-01,12.164,1.931,Algeria
1823-02-01,14.057,2.343,Algeria
1823-03-01,17.534,1.678,Algeria
1823-04-01,21.677,2.27,Algeria
1823-05-01,27.294,1.921,Algeria
1823-06-01,31.25,2.29,Algeria
1823-07-01,33.409,1.614,Algeria
1823-08-01,32.602,2.107,Algeria
1823-09-01,28.711,2.846,Algeria
1823-10-01,22.411,2.181,Algeria
1823-11-01,16.393,1.843,Algeria
1823-12-01,12.04,2.118,Algeria
1824-01-01,11.239,1.675,Algeria
1824-02-01,14.172,2.054,Algeria
1824-03-01,17.779,1.888,Algeria
1824-04-01,22.164,2.257,Algeria
1824-05-01,27.192,1.99,Algeria
1824-06-01,31.023,2.956,Algeria
1824-07-01,34.109,3.441,Algeria
1824-08-01,32.665,2.036,Algeria
1824-09-01,29.022,2.38,Algeria
1824-10-01,23.561,1.463,Algeria
1824-11-01,17.995,1.642,Algeria
1824-12-01,14.134,2.318,Algeria
1825-01-01,11.972,1.85,Algeria
1825-02-01,14.091,1.79,Algeria
1825-03-01,18.366,2.024,Algeria
1825-04-01,23.081,2.595,Algeria
1825-05-01,26.999,1.543,Algeria
1825-06-01,31.408,1.56,Algeria
1825-07-01,33.343,2.715,Algeria
1825-08-01,32.566,2.785,Algeria
1825-09-01,29.278,2.585,Algeria
1825-10-01,22.79,2.106,Algeria
1825-11-01,16.922,2.648,Algeria
1825-12-01,12.899,1.643,Algeria
1826-01-01,11.508,1.556,Algeria
1826-02-01,14.088,2.349,Algeria
1826-03-01,18.613,2.453,Algeria
1826-04-01,22.58,2.99,Algeria
1826-05-01,27.278,1.832,Algeria
1826-06-01,31.016,1.943,Algeria
1826-07-01,33.498,1.732,Algeria
1826-08-01,32.38,1.987,Algeria
1826-09-01,28.779,2.023,Algeria
1826-10-01,23.366,2.325,Algeria
1826-11-01,17.129,1.503,Algeria
1826-12-01,12.581,2.814,Algeria
1827-01-01,11.858,2.656,Algeria
1827-02-01,14.682,2.335,Algeria
1827-03-01,19.141,1.931,Algeria
1827-04-01,23.313,3.488,Algeria
1827-05-01,27.463,2.512,Algeria
1827-06-01,30.949,1.769,Algeria
1827-07-01,34.023,1.755,Algeria
1827-08-01,33.017,1.624,Algeria
1827-09-01,28.306,1.624,Algeria
1827-10-01,23.034,1.657,Algeria
1827-11-01,16.879,1.645,Algeria
1827-12-01,12.052,3.441,Algeria
1828-01-01,11.468,3.015,Algeria
1828-02-01,13.618,2.231,Algeria
1828-03-01,18.79,2.255,Algeria
1828-04-01,22.618,2.333,Algeria
1828-05-01,27.73,2.003,Algeria
1828-06-01,32.256,2.567,Algeria
1828-07-01,33.969,2.283,Algeria
1828-08-01,32.577,2.071,Algeria
1828-09-01,28.267,1.581,Algeria
1828-10-01,23.36,1.903,Algeria
1828-11-01,17.622,1.833,Algeria
1828-12-01,12.528,1.938,Algeria
1829-01-01,11.914,1.724,Algeria
1829-02-01,13.123,2.745,Algeria
1829-03-01,18.884,2.003,Algeria
1829-04-01,22.868,1.747,Algeria
1829-05-01,27.138,2.917,Algeria
1829-06-01,31.132,2.49,Algeria
1829-07-01,33.928,1.85,Algeria
1829-08-01,32.726,2.126,Algeria
1829-09-01,27.985,1.673,Algeria
1829-10-01,22.827,2.328,Algeria
1829-11-01,17.267,1.892,Algeria
1829-12-01,12.365,4.284,Algeria
1830-01-01,11.247,3.718,Algeria
1830-02-01,14.889,1.871,Algeria
1830-03-01,18.328,1.965,Algeria
1830-04-01,23.826,2.139,Algeria
1830-05-01,27.158,1.902,Algeria
1830-06-01,31.214,2.68,Algeria
1830-07-01,34.932,2.406,Algeria
1830-08-01,32.685,2.22,Algeria
1830-09-01,28.211,2.565,Algeria
1830-10-01,22.916,3.671,Algeria
1830-11-01,18.18,2.026,Algeria
1830-12-01,12.879,2.152,Algeria
1831-01-01,12.032,2.591,Algeria
1831-02-01,14.065,4.893,Algeria
1831-03-01,18.383,3.868,Algeria
1831-04-01,21.855,1.931,Algeria
1831-05-01,27.809,2.708,Algeria
1831-06-01,32.421,2.096,Algeria
1831-07-01,33.569,2.009,Algeria
1831-08-01,31.917,2.323,Algeria
1831-09-01,27.942,1.847,Algeria
1831-10-01,23.266,1.648,Algeria
1831-11-01,16.991,4.583,Algeria
1831-12-01,11.887,3.074,Algeria
1832-01-01,11.231,1.656,Algeria
1832-02-01,13.427,2.726,Algeria
1832-03-01,17.922,2.095,Algeria
1832-04-01,22.307,2.586,Algeria
1832-05-01,27.54,1.979,Algeria
1832-06-01,31.309,1.92,Algeria
1832-07-01,34.148,2.429,Algeria
1832-08-01,32.172,2.394,Algeria
1832-09-01,28.546,2.522,Algeria
1832-10-01,23.383,1.791,Algeria
1832-11-01,16.767,1.645,Algeria
1832-12-01,11.185,3.606,Algeria
1833-01-01,12.321,2.243,Algeria
1833-02-01,14.458,2.147,Algeria
1833-03-01,17.4,2.341,Algeria
1833-04-01,22.056,2.125,Algeria
1833-05-01,27.077,1.716,Algeria
1833-06-01,31.811,2.487,Algeria
1833-07-01,32.599,1.817,Algeria
1833-08-01,32.476,1.659,Algeria
1833-09-01,28.228,1.569,Algeria
1833-10-01,22.39,1.777,Algeria
1833-11-01,18.005,1.974,Algeria
1833-12-01,12.342,2.254,Algeria
1834-01-01,11.162,3.606,Algeria
1834-02-01,14.119,2.476,Algeria
1834-03-01,18.532,1.702,Algeria
1834-04-01,22.13,1.964,Algeria
1834-05-01,27.516,1.7,Algeria
1834-06-01,31.604,1.707,Algeria
1834-07-01,33.529,1.82,Algeria
1834-08-01,32.266,1.862,Algeria
1834-09-01,29.815,2.295,Algeria
1834-10-01,23.562,1.877,Algeria
1834-11-01,18.014,2.448,Algeria
1834-12-01,12.606,1.579,Algeria
1835-01-01,12.685,2.407,Algeria
1835-02-01,14.226,1.803,Algeria
1835-03-01,17.789,2.024,Algeria
1835-04-01,21.648,1.709,Algeria
1835-05-01,26.377,1.627,Algeria
1835-06-01,30.781,1.739,Algeria
1835-07-01,32.641,2.153,Algeria
1835-08-01,31.565,1.65,Algeria
1835-09-01,27.695,1.751,Algeria
1835-10-01,22.309,1.649,Algeria
1835-11-01,16.261,1.506,Algeria
1835-12-01,11.037,1.602,Algeria
1836-01-01,11.554,1.764,Algeria
1836-02-01,14.265,1.876,Algeria
1836-03-01,18.412,1.503,Algeria
1836-04-01,21.348,1.824,Algeria
1836-05-01,25.595,1.861,Algeria
1836-06-01,31.078,2.318,Algeria
1836-07-01,34.305,1.651,Algeria
1836-08-01,32.202,1.692,Algeria
1836-09-01,28.26,2.096,Algeria
1836-10-01,23.315,3.705,Algeria
1836-11-01,16.075,2.103,Algeria
1836-12-01,11.892,1.936,Algeria
1837-01-01,11.502,2.43,Algeria
1837-02-01,14.538,2.034,Algeria
1837-03-01,16.469,2.094,Algeria
1837-04-01,20.38,1.888,Algeria
1837-05-01,25.871,2.51,Algeria
1837-06-01,31.525,2.426,Algeria
1837-07-01,33.929,1.818,Algeria
1837-08-01,32.675,1.646,Algeria
1837-09-01,28.541,1.521,Algeria
1837-10-01,22.421,1.579,Algeria
1837-11-01,16.003,2.35,Algeria
1837-12-01,13.08,2.208,Algeria
1838-01-01,11.633,2.85,Algeria
1838-02-01,14.157,1.695,Algeria
1838-03-01,17.678,2.089,Algeria
1838-04-01,21.591,1.595,Algeria
1838-05-01,26.389,1.532,Algeria
1838-06-01,31.246,1.823,Algeria
1838-07-01,34.225,2.738,Algeria
1838-08-01,33.137,2.333,Algeria
1838-09-01,28.492,1.598,Algeria
1838-10-01,23.106,3.101,Algeria
1838-11-01,17.61,2.41,Algeria
1838-12-01,11.972,2.383,Algeria
1839-01-01,10.988,1.727,Algeria
1839-02-01,14.177,1.98,Algeria
1839-03-01,16.922,1.671,Algeria
1839-04-01,22.299,1.799,Algeria
1839-05-01,26.256,1.624,Algeria
1839-06-01,31.278,1.602,Algeria
1839-07-01,33.893,2.388,Algeria
1839-08-01,33.66,1.715,Algeria
1839-09-01,28.473,1.681,Algeria
1839-10-01,22.91,1.792,Algeria
1839-11-01,16.176,2.117,Algeria
1839-12-01,12.214,2.178,Algeria
1840-01-01,12.448,2.183,Algeria
1840-02-01,13.765,2.309,Algeria
1840-03-01,16.679,1.835,Algeria
1840-04-01,21.433,2.104,Algeria
1840-05-01,27.151,1.815,Algeria
1840-06-01,32.421,1.611,Algeria
1840-07-01,33.884,1.661,Algeria
1840-08-01,32.814,1.844,Algeria
1840-09-01,29.024,1.688,Algeria
1840-10-01,23.325,2.089,Algeria
1840-11-01,17.166,2.885,Algeria
1840-12-01,12.705,1.974,Algeria
1841-01-01,10.661,2.125,Algeria
1841-02-01,15.138,1.699,Algeria
1841-03-01,17.377,3.463,Algeria
1841-04-01,21.351,2.226,Algeria
1841-05-01,27.254,1.769,Algeria
1841-06-01,31.317,1.678,Algeria
1841-07-01,33.735,2.106,Algeria
1841-08-01,32.644,1.703,Algeria
1841-09-01,28.866,1.5,Algeria
1841-10-01,23.614,1.771,Algeria
1841-11-01,17.071,1.492,Algeria
1841-12-01,12.037,1.926,Algeria
1842-01-01,10.703,2.049,Algeria
1842-02-01,14.572,2.403,Algeria
1842-03-01,19.315,1.876,Algeria
1842-04-01,22.244,2.069,Algeria
1842-05-01,27.125,1.503,Algeria
1842-06-01,32.173,1.701,Algeria
1842-07-01,34.185,1.808,Algeria
1842-08-01,32.372,1.455,Algeria
1842-09-01,28.189,1.589,Algeria
1842-10-01,23.231,1.71,Algeria
1842-11-01,16.982,1.93,Algeria
1842-12-01,12.678,1.805,Algeria
1843-01-01,11.572,1.622,Algeria
1843-02-01,15.086,1.926,Algeria
1843-03-01,17.99,1.896,Algeria
1843-04-01,22.623,1.642,Algeria
1843-05-01,26.679,1.605,Algeria
1843-06-01,30.93,1.736,Algeria
1843-07-01,33.338,1.79,Algeria
1843-08-01,32.902,1.609,Algeria
1843-09-01,29.203,1.527,Algeria
1843-10-01,24.284,1.594,Algeria
1843-11-01,16.871,1.883,Algeria
1843-12-01,12.615,2.358,Algeria
1844-01-01,11.391,1.674,Algeria
1844-02-01,13.38,1.546,Algeria
1844-03-01,18.141,2.19,Algeria
1844-04-01,21.968,1.511,Algeria
1844-05-01,26.173,1.654,Algeria
1844-06-01,31.284,1.655,Algeria
1844-07-01,34.095,1.621,Algeria
1844-08-01,32.809,1.919,Algeria
1844-09-01,29.038,1.665,Algeria
1844-10-01,23.855,2.136,Algeria
1844-11-01,16.775,1.6,Algeria
1844-12-01,12.19,1.697,Algeria
1845-01-01,12.184,1.689,Algeria
1845-02-01,12.639,1.821,Algeria
1845-03-01,19.05,2.33,Algeria
1845-04-01,21.945,1.641,Algeria
1845-05-01,26.635,1.668,Algeria
1845-06-01,30.612,1.679,Algeria
1845-07-01,33.489,1.56,Algeria
1845-08-01,32.773,1.488,Algeria
1845-09-01,29.216,1.708,Algeria
1845-10-01,22.907,1.692,Algeria
1845-11-01,17.353,1.538,Algeria
1845-12-01,11.211,2.011,Algeria
1846-01-01,12.786,1.91,Algeria
1846-02-01,15.096,2.071,Algeria
1846-03-01,19.612,1.693,Algeria
1846-04-01,21.958,1.938,Algeria
1846-05-01,27.403,1.848,Algeria
1846-06-01,32.596,1.911,Algeria
1846-07-01,34.875,1.828,Algeria
1846-08-01,33.302,1.566,Algeria
1846-09-01,29.069,1.654,Algeria
1846-10-01,22.189,1.54,Algeria
1846-11-01,17.501,1.845,Algeria
1846-12-01,12.341,1.88,Algeria
1847-01-01,13.088,3.586,Algeria
1847-02-01,14.338,1.827,Algeria
1847-03-01,17.504,1.728,Algeria
1847-04-01,21.968,1.586,Algeria
1847-05-01,27.461,1.521,Algeria
1847-06-01,31.097,1.581,Algeria
1847-07-01,33.477,1.693,Algeria
1847-08-01,32.233,1.621,Algeria
1847-09-01,28.984,1.503,Algeria
1847-10-01,23.518,1.505,Algeria
1847-11-01,17.012,1.529,Algeria
1847-12-01,11.483,2.039,Algeria
1848-01-01,10.059,1.688,Algeria
1848-02-01,14.45,1.979,Algeria
1848-03-01,17.419,1.61,Algeria
1848-04-01,21.99,1.671,Algeria
1848-05-01,26.492,1.731,Algeria
1848-06-01,31.384,1.975,Algeria
1848-07-01,33.763,1.84,Algeria
1848-08-01,32.804,1.785,Algeria
1848-09-01,28.726,1.577,Algeria
1848-10-01,22.951,1.619,Algeria
1848-11-01,16.432,1.466,Algeria
1848-12-01,12.131,1.633,Algeria
1849-01-01,12.019,1.726,Algeria
1849-02-01,14.447,1.593,Algeria
1849-03-01,18.362,1.932,Algeria
1849-04-01,21.187,1.968,Algeria
1849-05-01,26.623,1.709,Algeria
1849-06-01,31.825,1.835,Algeria
1849-07-01,34.128,1.548,Algeria
1849-08-01,32.736,1.675,Algeria
1849-09-01,29.061,1.561,Algeria
1849-10-01,24.019,1.634,Algeria
1849-11-01,16.853,1.587,Algeria
1849-12-01,11.191,1.596,Algeria
1850-01-01,10.604,1.733,Algeria
1850-02-01,14.819,1.733,Algeria
1850-03-01,18.362,2.526,Algeria
1850-04-01,22.717,1.856,Algeria
1850-05-01,26.391,1.404,Algeria
1850-06-01,31.143,1.443,Algeria
1850-07-01,33.656,1.471,Algeria
1850-08-01,33,1.509,Algeria
1850-09-01,28.88,1.693,Algeria
1850-10-01,22.708,1.569,Algeria
1850-11-01,16.72,1.746,Algeria
1850-12-01,12.048,1.808,Algeria
1851-01-01,11.989,1.36,Algeria
1851-02-01,14.118,1.428,Algeria
1851-03-01,17.496,1.617,Algeria
1851-04-01,22.469,1.867,Algeria
1851-05-01,26.917,1.485,Algeria
1851-06-01,31.546,1.66,Algeria
1851-07-01,33.861,1.71,Algeria
1851-08-01,33.035,1.732,Algeria
1851-09-01,29.067,1.577,Algeria
1851-10-01,23.89,2.254,Algeria
1851-11-01,15.66,1.5,Algeria
1851-12-01,12.752,2.51,Algeria
1852-01-01,12.109,2.15,Algeria
1852-02-01,13.705,1.676,Algeria
1852-03-01,17.618,1.48,Algeria
1852-04-01,22.216,1.761,Algeria
1852-05-01,27.109,1.496,Algeria
1852-06-01,30.961,1.533,Algeria
1852-07-01,33.111,1.766,Algeria
1852-08-01,32.22,1.639,Algeria
1852-09-01,29.232,1.54,Algeria
1852-10-01,24.551,1.506,Algeria
1852-11-01,18.062,1.683,Algeria
1852-12-01,13.385,1.779,Algeria
1853-01-01,12.188,1.65,Algeria
1853-02-01,13.414,1.507,Algeria
1853-03-01,17.599,1.784,Algeria
1853-04-01,22.742,1.577,Algeria
1853-05-01,27.041,1.453,Algeria
1853-06-01,30.461,1.588,Algeria
1853-07-01,33.473,1.52,Algeria
1853-08-01,33.169,1.608,Algeria
1853-09-01,29.629,1.483,Algeria
1853-10-01,23.667,1.542,Algeria
1853-11-01,17.272,2.012,Algeria
1853-12-01,12.592,1.64,Algeria
1854-01-01,10.962,1.822,Algeria
1854-02-01,13.43,1.604,Algeria
1854-03-01,17.774,1.46,Algeria
1854-04-01,22.261,1.465,Algeria
1854-05-01,27.171,1.422,Algeria
1854-06-01,30.804,1.803,Algeria
1854-07-01,33.022,1.708,Algeria
1854-08-01,32.653,1.671,Algeria
1854-09-01,28.919,1.591,Algeria
1854-10-01,23.687,1.691,Algeria
1854-11-01,16.548,1.576,Algeria
1854-12-01,12.543,2.352,Algeria
1855-01-01,11.997,2.202,Algeria
1855-02-01,16.245,1.65,Algeria
1855-03-01,18.297,1.415,Algeria
1855-04-01,22.399,1.737,Algeria
1855-05-01,26.723,1.576,Algeria
1855-06-01,29.344,1.411,Algeria
1855-07-01,32.897,1.617,Algeria
1855-08-01,32.009,1.571,Algeria
1855-09-01,28.874,1.393,Algeria
1855-10-01,23.443,1.909,Algeria
1855-11-01,17.364,1.572,Algeria
1855-12-01,12.329,2.484,Algeria
1856-01-01,13.273,1.539,Algeria
1856-02-01,14.194,2.135,Algeria
1856-03-01,18.641,1.272,Algeria
1856-04-01,22.243,1.26,Algeria
1856-05-01,27.388,1.753,Algeria
1856-06-01,30.448,2.062,Algeria
1856-07-01,32.697,1.482,Algeria
1856-08-01,31.535,1.485,Algeria
1856-09-01,28.572,1.513,Algeria
1856-10-01,22.886,1.422,Algeria
1856-11-01,16.478,1.521,Algeria
1856-12-01,12.605,1.714,Algeria
1857-01-01,10.592,1.594,Algeria
1857-02-01,14.7,1.766,Algeria
1857-03-01,18.059,1.418,Algeria
1857-04-01,21.568,1.233,Algeria
1857-05-01,25.683,1.362,Algeria
1857-06-01,29.838,1.429,Algeria
1857-07-01,32.189,1.593,Algeria
1857-08-01,31.8,1.326,Algeria
1857-09-01,29.232,1.306,Algeria
1857-10-01,23.557,1.372,Algeria
1857-11-01,18.349,1.96,Algeria
1857-12-01,12.912,1.472,Algeria
1858-01-01,12.042,1.851,Algeria
1858-02-01,14.732,1.261,Algeria
1858-03-01,18.295,1.427,Algeria
1858-04-01,23.07,1.445,Algeria
1858-05-01,26.745,1.245,Algeria
1858-06-01,31.04,1.553,Algeria
1858-07-01,32.47,1.482,Algeria
1858-08-01,32.645,1.549,Algeria
1858-09-01,29.407,1.34,Algeria
1858-10-01,24.194,1.444,Algeria
1858-11-01,19.521,1.688,Algeria
1858-12-01,12.227,1.523,Algeria
1859-01-01,11.163,1.25,Algeria
1859-02-01,13.701,1.337,Algeria
1859-03-01,18.085,1.384,Algeria
1859-04-01,24.02,1.276,Algeria
1859-05-01,27.79,1.574,Algeria
1859-06-01,30.514,1.306,Algeria
1859-07-01,32.585,1.309,Algeria
1859-08-01,32.179,1.268,Algeria
1859-09-01,28.734,1.32,Algeria
1859-10-01,23.832,1.469,Algeria
1859-11-01,17.365,1.741,Algeria
1859-12-01,11.998,1.887,Algeria
1860-01-01,12.258,1.398,Algeria
1860-02-01,12.907,1.338,Algeria
1860-03-01,17.267,1.839,Algeria
1860-04-01,21.844,1.408,Algeria
1860-05-01,26.755,1.34,Algeria
1860-06-01,31.582,1.256,Algeria
1860-07-01,32.712,1.296,Algeria
1860-08-01,32.302,1.514,Algeria
1860-09-01,28.86,1.22,Algeria
1860-10-01,23.121,1.316,Algeria
1860-11-01,17.62,1.743,Algeria
1860-12-01,12.698,1.579,Algeria
1861-01-01,10.627,1.877,Algeria
1861-02-01,14.153,1.523,Algeria
1861-03-01,18.281,1.159,Algeria
1861-04-01,22.014,1.49,Algeria
1861-05-01,26.091,1.53,Algeria
1861-06-01,30.894,1.781,Algeria
1861-07-01,32.587,1.323,Algeria
1861-08-01,31.771,1.591,Algeria
1861-09-01,28.594,1.477,Algeria
1861-10-01,23.935,1.598,Algeria
1861-11-01,18.48,1.923,Algeria
1861-12-01,13.294,1.833,Algeria
1862-01-01,11.55,1.514,Algeria
1862-02-01,14.424,1.512,Algeria
1862-03-01,19.063,1.339,Algeria
1862-04-01,22.915,1.561,Algeria
1862-05-01,28.007,1.562,Algeria
1862-06-01,31.205,1.448,Algeria
1862-07-01,33.165,1.393,Algeria
1862-08-01,32.384,1.412,Algeria
1862-09-01,28.111,1.302,Algeria
1862-10-01,23.516,1.425,Algeria
1862-11-01,16.571,1.53,Algeria
1862-12-01,11.927,2.167,Algeria
1863-01-01,12.65,2.12,Algeria
1863-02-01,13.884,2.258,Algeria
1863-03-01,17.865,1.309,Algeria
1863-04-01,22.075,1.698,Algeria
1863-05-01,26.589,1.55,Algeria
1863-06-01,31.139,1.787,Algeria
1863-07-01,33.023,1.726,Algeria
1863-08-01,31.902,1.521,Algeria
1863-09-01,28.537,1.398,Algeria
1863-10-01,23.236,1.548,Algeria
1863-11-01,17.188,1.934,Algeria
1863-12-01,11.206,2.035,Algeria
1864-01-01,11.249,1.664,Algeria
1864-02-01,14.409,1.75,Algeria
1864-03-01,19.016,1.63,Algeria
1864-04-01,22.215,1.527,Algeria
1864-05-01,27.326,1.469,Algeria
1864-06-01,32.501,1.705,Algeria
1864-07-01,34.271,1.742,Algeria
1864-08-01,33.008,1.44,Algeria
1864-09-01,29.152,1.382,Algeria
1864-10-01,23.972,1.433,Algeria
1864-11-01,16.977,1.605,Algeria
1864-12-01,12.051,1.745,Algeria
1865-01-01,12.759,1.423,Algeria
1865-02-01,13.937,1.526,Algeria
1865-03-01,17.409,1.392,Algeria
1865-04-01,21.763,1.677,Algeria
1865-05-01,27.28,1.658,Algeria
1865-06-01,31.232,1.496,Algeria
1865-07-01,33.509,1.298,Algeria
1865-08-01,33.042,1.331,Algeria
1865-09-01,29.457,1.377,Algeria
1865-10-01,24.134,1.414,Algeria
1865-11-01,17.835,1.459,Algeria
1865-12-01,11.829,1.731,Algeria
1866-01-01,12.204,1.398,Algeria
1866-02-01,14.982,1.439,Algeria
1866-03-01,18.284,1.494,Algeria
1866-04-01,22.571,1.419,Algeria
1866-05-01,26.809,1.573,Algeria
1866-06-01,30.708,1.472,Algeria
1866-07-01,33.425,1.55,Algeria
1866-08-01,32.404,1.564,Algeria
1866-09-01,29.187,1.369,Algeria
1866-10-01,23.298,1.337,Algeria
1866-11-01,17.827,1.57,Algeria
1866-12-01,13.41,1.812,Algeria
1867-01-01,12.702,1.566,Algeria
1867-02-01,14.67,1.411,Algeria
1867-03-01,19.98,1.608,Algeria
1867-04-01,23.455,1.498,Algeria
1867-05-01,27.807,1.428,Algeria
1867-06-01,31.654,1.347,Algeria
1867-07-01,33.567,1.375,Algeria
1867-08-01,32.797,1.387,Algeria
1867-09-01,29.419,1.38,Algeria
1867-10-01,23.899,1.44,Algeria
1867-11-01,18.284,2.263,Algeria
1867-12-01,11.969,2.187,Algeria
1868-01-01,11.537,1.375,Algeria
1868-02-01,13.381,1.519,Algeria
1868-03-01,17.737,1.4,Algeria
1868-04-01,22.237,1.568,Algeria
1868-05-01,27.106,1.541,Algeria
1868-06-01,31.028,1.344,Algeria
1868-07-01,33.32,1.279,Algeria
1868-08-01,32.796,1.353,Algeria
1868-09-01,28.942,1.359,Algeria
1868-10-01,23.078,1.543,Algeria
1868-11-01,16.225,1.425,Algeria
1868-12-01,12.696,1.322,Algeria
1869-01-01,11.261,1.43,Algeria
1869-02-01,14.597,1.539,Algeria
1869-03-01,17.602,1.451,Algeria
1869-04-01,22.007,1.792,Algeria
1869-05-01,27.578,1.343,Algeria
1869-06-01,31.762,1.897,Algeria
1869-07-01,33.661,1.515,Algeria
1869-08-01,32.862,1.517,Algeria
1869-09-01,30.107,1.316,Algeria
1869-10-01,23.609,1.318,Algeria
1869-11-01,16.587,1.311,Algeria
1869-12-01,11.667,1.488,Algeria
1870-01-01,11.139,1.518,Algeria
1870-02-01,14.389,1.55,Algeria
1870-03-01,18.107,1.49,Algeria
1870-04-01,21.691,1.442,Algeria
1870-05-01,27.608,1.534,Algeria
1870-06-01,31.896,1.454,Algeria
1870-07-01,33.75,1.353,Algeria
1870-08-01,32.793,1.306,Algeria
1870-09-01,29.5,1.368,Algeria
1870-10-01,23.868,1.642,Algeria
1870-11-01,17.334,1.531,Algeria
1870-12-01,12.332,1.696,Algeria
1871-01-01,10.287,1.73,Algeria
1871-02-01,13.24,2.064,Algeria
1871-03-01,17.851,1.73,Algeria
1871-04-01,23.142,1.533,Algeria
1871-05-01,27.304,1.422,Algeria
1871-06-01,30.955,1.612,Algeria
1871-07-01,33.938,1.453,Algeria
1871-08-01,32.858,1.436,Algeria
1871-09-01,29.591,1.408,Algeria
1871-10-01,24.835,1.416,Algeria
1871-11-01,16.845,1.458,Algeria
1871-12-01,12.126,1.425,Algeria
1872-01-01,11.363,2.103,Algeria
1872-02-01,14.246,1.899,Algeria
1872-03-01,18.618,1.51,Algeria
1872-04-01,22.432,1.93,Algeria
1872-05-01,27.355,1.935,Algeria
1872-06-01,31.474,1.446,Algeria
1872-07-01,33.688,1.452,Algeria
1872-08-01,32.991,1.422,Algeria
1872-09-01,29.52,1.483,Algeria
1872-10-01,23.399,1.464,Algeria
1872-11-01,16.801,1.555,Algeria
1872-12-01,11.657,2.156,Algeria
1873-01-01,11.634,1.885,Algeria
1873-02-01,13.588,1.99,Algeria
1873-03-01,17.783,2.006,Algeria
1873-04-01,22.516,1.972,Algeria
1873-05-01,26.861,1.308,Algeria
1873-06-01,31.314,1.579,Algeria
1873-07-01,33.901,1.215,Algeria
1873-08-01,33.138,1.095,Algeria
1873-09-01,28.727,1.347,Algeria
1873-10-01,23.532,1.262,Algeria
1873-11-01,17.305,1.252,Algeria
1873-12-01,13.233,2.009,Algeria
1874-01-01,11.88,1.806,Algeria
1874-02-01,14.121,1.615,Algeria
1874-03-01,17.084,1.503,Algeria
1874-04-01,22.217,1.217,Algeria
1874-05-01,26.549,1.273,Algeria
1874-06-01,32.18,1.357,Algeria
1874-07-01,33.742,1.249,Algeria
1874-08-01,32.403,1.216,Algeria
1874-09-01,29.649,1.205,Algeria
1874-10-01,24.041,1.255,Algeria
1874-11-01,17.109,1.292,Algeria
1874-12-01,11.704,1.51,Algeria
1875-01-01,11.237,1.261,Algeria
1875-02-01,13.908,1.309,Algeria
1875-03-01,17.957,1.304,Algeria
1875-04-01,21.7,1.262,Algeria
1875-05-01,27.869,1.232,Algeria
1875-06-01,30.327,2.084,Algeria
1875-07-01,33.131,1.309,Algeria
1875-08-01,32.841,1.156,Algeria
1875-09-01,29.584,1.113,Algeria
1875-10-01,23.124,1.215,Algeria
1875-11-01,16.902,1.12,Algeria
1875-12-01,12.079,2.026,Algeria
1876-01-01,11.317,1.299,Algeria
1876-02-01,14.261,1.118,Algeria
1876-03-01,18.428,1.582,Algeria
1876-04-01,22.261,1.311,Algeria
1876-05-01,27.194,1.283,Algeria
1876-06-01,30.507,1.511,Algeria
1876-07-01,33.507,1.471,Algeria
1876-08-01,32.999,1.299,Algeria
1876-09-01,29.844,1.44,Algeria
1876-10-01,23.937,1.301,Algeria
1876-11-01,17.728,1.258,Algeria
1876-12-01,12.246,1.64,Algeria
1877-01-01,11.619,1.595,Algeria
1877-02-01,14.034,1.468,Algeria
1877-03-01,17.963,1.262,Algeria
1877-04-01,22.979,1.814,Algeria
1877-05-01,27.408,1.593,Algeria
1877-06-01,31.703,1.443,Algeria
1877-07-01,34.198,1.465,Algeria
1877-08-01,33.31,1.226,Algeria
1877-09-01,29.945,1.265,Algeria
1877-10-01,22.987,1.295,Algeria
1877-11-01,17.774,1.432,Algeria
1877-12-01,11.618,2.163,Algeria
1878-01-01,10.643,1.507,Algeria
1878-02-01,14.237,1.334,Algeria
1878-03-01,18.403,1.372,Algeria
1878-04-01,23.422,1.371,Algeria
1878-05-01,28.442,1.09,Algeria
1878-06-01,33.192,1.267,Algeria
1878-07-01,34.295,1.25,Algeria
1878-08-01,34.011,1.064,Algeria
1878-09-01,29.254,1.264,Algeria
1878-10-01,24.864,1.074,Algeria
1878-11-01,17.645,1.411,Algeria
1878-12-01,14.17,1.71,Algeria
1879-01-01,12.624,1.28,Algeria
1879-02-01,15.053,1.344,Algeria
1879-03-01,17.259,1.086,Algeria
1879-04-01,21.484,1.52,Algeria
1879-05-01,25.931,1.515,Algeria
1879-06-01,32.683,1.204,Algeria
1879-07-01,32.642,1.306,Algeria
1879-08-01,32.157,1.684,Algeria
1879-09-01,28.631,1.088,Algeria
1879-10-01,23.508,1.046,Algeria
1879-11-01,18.449,1.688,Algeria
1879-12-01,11.831,1.4,Algeria
1880-01-01,10.82,1.626,Algeria
1880-02-01,14.103,1.136,Algeria
1880-03-01,17.645,1.173,Algeria
1880-04-01,21.723,1.472,Algeria
1880-05-01,26.118,1.16,Algeria
1880-06-01,30.178,1.33,Algeria
1880-07-01,33.862,1.281,Algeria
1880-08-01,32.992,1.291,Algeria
1880-09-01,29.633,1.303,Algeria
1880-10-01,23.901,1.48,Algeria
1880-11-01,17.729,1.847,Algeria
1880-12-01,12.424,1.599,Algeria
1881-01-01,15.01,1.325,Algeria
1881-02-01,15.616,1.388,Algeria
1881-03-01,20.135,1.169,Algeria
1881-04-01,23.661,1.166,Algeria
1881-05-01,26.534,1.4,Algeria
1881-06-01,30.782,1.313,Algeria
1881-07-01,33.984,1.405,Algeria
1881-08-01,33.277,1.39,Algeria
1881-09-01,30.559,1.236,Algeria
1881-10-01,23.41,1.126,Algeria
1881-11-01,16.549,1.329,Algeria
1881-12-01,12.023,1.394,Algeria
1882-01-01,11.52,1.573,Algeria
1882-02-01,13.818,1.638,Algeria
1882-03-01,17.013,1.642,Algeria
1882-04-01,21.966,1.076,Algeria
1882-05-01,27.905,1.4,Algeria
1882-06-01,31.977,1.186,Algeria
1882-07-01,33.403,1.353,Algeria
1882-08-01,32.29,1.184,Algeria
1882-09-01,28.228,1.136,Algeria
1882-10-01,24.164,1.116,Algeria
1882-11-01,16.987,1.204,Algeria
1882-12-01,11.764,1.126,Algeria
1883-01-01,11.871,1.197,Algeria
1883-02-01,14.222,1.499,Algeria
1883-03-01,17.844,1.347,Algeria
1883-04-01,21.923,1.138,Algeria
1883-05-01,27.017,1.109,Algeria
1883-06-01,31.123,1.637,Algeria
1883-07-01,33.568,1.184,Algeria
1883-08-01,31.788,1.058,Algeria
1883-09-01,29.012,1.065,Algeria
1883-10-01,22.646,1.129,Algeria
1883-11-01,16.639,1.064,Algeria
1883-12-01,11.998,1.312,Algeria
1884-01-01,11.197,1.33,Algeria
1884-02-01,14.953,1.184,Algeria
1884-03-01,16.833,1.115,Algeria
1884-04-01,21.385,1.126,Algeria
1884-05-01,25.258,1.478,Algeria
1884-06-01,28.697,1.315,Algeria
1884-07-01,32.8,1.445,Algeria
1884-08-01,33.018,1.49,Algeria
1884-09-01,29.101,1.292,Algeria
1884-10-01,22.509,1.229,Algeria
1884-11-01,17.157,1.144,Algeria
1884-12-01,12.064,1.558,Algeria
1885-01-01,10.269,1.252,Algeria
1885-02-01,15.408,1.252,Algeria
1885-03-01,18.033,1.413,Algeria
1885-04-01,20.427,1.462,Algeria
1885-05-01,27.052,1.432,Algeria
1885-06-01,29.942,1.435,Algeria
1885-07-01,32.676,1.411,Algeria
1885-08-01,32.965,1.442,Algeria
1885-09-01,28.543,1.424,Algeria
1885-10-01,22.11,1.141,Algeria
1885-11-01,16.484,1.211,Algeria
1885-12-01,12.566,1.301,Algeria
1886-01-01,10.223,1.233,Algeria
1886-02-01,12.861,1.133,Algeria
1886-03-01,18.609,1.067,Algeria
1886-04-01,21.744,1.029,Algeria
1886-05-01,26.451,1.027,Algeria
1886-06-01,30.535,1.15,Algeria
1886-07-01,33.555,1.234,Algeria
1886-08-01,31.814,1.162,Algeria
1886-09-01,28.363,1.096,Algeria
1886-10-01,23.812,1.232,Algeria
1886-11-01,16.861,1.142,Algeria
1886-12-01,12.436,1.576,Algeria
1887-01-01,10.898,1.576,Algeria
1887-02-01,13.393,1.732,Algeria
1887-03-01,18.556,1.076,Algeria
1887-04-01,20.897,1.158,Algeria
1887-05-01,27.601,1.127,Algeria
1887-06-01,30.822,1.143,Algeria
1887-07-01,33.243,1.216,Algeria
1887-08-01,32.609,1.253,Algeria
1887-09-01,29.673,1.041,Algeria
1887-10-01,22.714,1.233,Algeria
1887-11-01,17.952,1.333,Algeria
1887-12-01,13.207,1.093,Algeria
1888-01-01,11.973,1.294,Algeria
1888-02-01,12.83,1.391,Algeria
1888-03-01,17.608,1.22,Algeria
1888-04-01,23.005,1.021,Algeria
1888-05-01,26.266,0.949,Algeria
1888-06-01,30.648,0.937,Algeria
1888-07-01,33.512,1.232,Algeria
1888-08-01,31.146,1.162,Algeria
1888-09-01,29.189,0.873,Algeria
1888-10-01,23.405,0.952,Algeria
1888-11-01,17.55,0.878,Algeria
1888-12-01,12.982,1.256,Algeria
1889-01-01,10.619,0.988,Algeria
1889-02-01,14.326,0.911,Algeria
1889-03-01,16.908,1.03,Algeria
1889-04-01,21.523,0.925,Algeria
1889-05-01,26.656,0.973,Algeria
1889-06-01,30.74,0.953,Algeria
1889-07-01,33.372,1.265,Algeria
1889-08-01,33.043,1.159,Algeria
1889-09-01,29.094,1.11,Algeria
1889-10-01,23.963,1.185,Algeria
1889-11-01,16.648,0.991,Algeria
1889-12-01,11.294,1.073,Algeria
1890-01-01,11.499,0.872,Algeria
1890-02-01,13.627,1.054,Algeria
1890-03-01,16.347,1.365,Algeria
1890-04-01,21.133,1.181,Algeria
1890-05-01,26.335,1.001,Algeria
1890-06-01,30.107,0.957,Algeria
1890-07-01,33.851,1.085,Algeria
1890-08-01,32.755,0.892,Algeria
1890-09-01,27.842,1.198,Algeria
1890-10-01,22.505,0.969,Algeria
1890-11-01,15.79,0.884,Algeria
1890-12-01,11.226,1.186,Algeria
1891-01-01,9.708,0.844,Algeria
1891-02-01,12.11,0.873,Algeria
1891-03-01,17.466,0.88,Algeria
1891-04-01,22.436,0.949,Algeria
1891-05-01,26.02,0.794,Algeria
1891-06-01,30.477,0.877,Algeria
1891-07-01,33.714,0.794,Algeria
1891-08-01,31.978,0.805,Algeria
1891-09-01,29.364,0.873,Algeria
1891-10-01,23.707,0.815,Algeria
1891-11-01,17.379,0.806,Algeria
1891-12-01,12.593,0.967,Algeria
1892-01-01,12.064,0.84,Algeria
1892-02-01,14.923,0.793,Algeria
1892-03-01,19.599,0.954,Algeria
1892-04-01,21.463,0.823,Algeria
1892-05-01,25.807,0.715,Algeria
1892-06-01,31.87,1.061,Algeria
1892-07-01,33.4,0.73,Algeria
1892-08-01,32.536,0.706,Algeria
1892-09-01,28.816,0.691,Algeria
1892-10-01,24.162,0.891,Algeria
1892-11-01,17.01,1.008,Algeria
1892-12-01,12.677,1.206,Algeria
1893-01-01,11.159,0.847,Algeria
1893-02-01,13.742,0.722,Algeria
1893-03-01,19.159,0.794,Algeria
1893-04-01,22.299,0.776,Algeria
1893-05-01,28.142,0.998,Algeria
1893-06-01,31.101,0.941,Algeria
1893-07-01,33.888,0.807,Algeria
1893-08-01,32.496,0.951,Algeria
1893-09-01,30.782,0.722,Algeria
1893-10-01,24.421,0.8,Algeria
1893-11-01,17.976,0.901,Algeria
1893-12-01,11.886,1.136,Algeria
1894-01-01,11.304,0.841,Algeria
1894-02-01,13.729,0.875,Algeria
1894-03-01,18.178,0.91,Algeria
1894-04-01,21.709,0.799,Algeria
1894-05-01,26.626,0.901,Algeria
1894-06-01,30.599,0.782,Algeria
1894-07-01,33.032,0.837,Algeria
1894-08-01,32.05,0.725,Algeria
1894-09-01,29.741,0.854,Algeria
1894-10-01,25.082,0.756,Algeria
1894-11-01,17.706,1.075,Algeria
1894-12-01,12.226,0.931,Algeria
1895-01-01,11.342,1.055,Algeria
1895-02-01,16.858,1.055,Algeria
1895-03-01,18.052,0.779,Algeria
1895-04-01,24.514,0.878,Algeria
1895-05-01,26.351,0.838,Algeria
1895-06-01,30.332,0.861,Algeria
1895-07-01,33.814,0.767,Algeria
1895-08-01,32.526,0.927,Algeria
1895-09-01,29.13,0.837,Algeria
1895-10-01,25.785,0.808,Algeria
1895-11-01,19.698,0.818,Algeria
1895-12-01,13.764,0.823,Algeria
1896-01-01,11.789,0.741,Algeria
1896-02-01,14.147,0.753,Algeria
1896-03-01,17.501,0.956,Algeria
1896-04-01,20.751,0.859,Algeria
1896-05-01,25.137,0.853,Algeria
1896-06-01,30.946,0.798,Algeria
1896-07-01,33.482,0.802,Algeria
1896-08-01,31.639,0.918,Algeria
1896-09-01,30.111,0.93,Algeria
1896-10-01,22.978,1.047,Algeria
1896-11-01,15.54,0.873,Algeria
1896-12-01,12.378,0.911,Algeria
1897-01-01,11.63,1.043,Algeria
1897-02-01,13.856,0.986,Algeria
1897-03-01,19.176,0.707,Algeria
1897-04-01,22.938,0.81,Algeria
1897-05-01,27.852,1.318,Algeria
1897-06-01,31.595,1.084,Algeria
1897-07-01,33.925,0.827,Algeria
1897-08-01,33.906,1.04,Algeria
1897-09-01,29.277,0.829,Algeria
1897-10-01,24.248,0.761,Algeria
1897-11-01,17.777,1.42,Algeria
1897-12-01,12.299,1.129,Algeria
1898-01-01,12.138,1.023,Algeria
1898-02-01,13.506,1.052,Algeria
1898-03-01,17.937,0.967,Algeria
1898-04-01,22.048,0.967,Algeria
1898-05-01,27.316,0.709,Algeria
1898-06-01,32.423,0.649,Algeria
1898-07-01,33.824,0.764,Algeria
1898-08-01,32.655,0.773,Algeria
1898-09-01,29.079,0.797,Algeria
1898-10-01,23.596,0.73,Algeria
1898-11-01,17.647,0.8,Algeria
1898-12-01,11.727,1.051,Algeria
1899-01-01,11.825,0.764,Algeria
1899-02-01,15.407,0.646,Algeria
1899-03-01,17.766,0.739,Algeria
1899-04-01,23.735,0.795,Algeria
1899-05-01,28.557,0.964,Algeria
1899-06-01,30.383,0.827,Algeria
1899-07-01,33.29,0.733,Algeria
1899-08-01,32.91,1.016,Algeria
1899-09-01,30.393,0.679,Algeria
1899-10-01,25.716,0.843,Algeria
1899-11-01,18.016,1.014,Algeria
1899-12-01,12.556,0.705,Algeria
1/1/1900,10.869,0.728,Algeria
2/1/1900,16.945,0.93,Algeria
3/1/1900,18.927,1.003,Algeria
4/1/1900,22.076,0.791,Algeria
5/1/1900,26.767,0.664,Algeria
6/1/1900,30.647,0.866,Algeria
7/1/1900,32.442,0.756,Algeria
8/1/1900,32.55,0.812,Algeria
9/1/1900,29.688,0.785,Algeria
10/1/1900,24.62,0.89,Algeria
11/1/1900,16.475,0.901,Algeria
12/1/1900,12.364,0.794,Algeria
1/1/1901,11.596,1.152,Algeria
2/1/1901,14.399,1.141,Algeria
3/1/1901,18.257,0.781,Algeria
4/1/1901,23.595,0.786,Algeria
5/1/1901,26.264,0.781,Algeria
6/1/1901,31.74,0.765,Algeria
7/1/1901,33.401,0.944,Algeria
8/1/1901,32.676,0.813,Algeria
9/1/1901,29.427,0.862,Algeria
10/1/1901,22.279,0.89,Algeria
11/1/1901,17.407,0.935,Algeria
12/1/1901,11.676,0.946,Algeria
1/1/1902,11.26,1.419,Algeria
2/1/1902,15.897,0.772,Algeria
3/1/1902,18.699,0.847,Algeria
4/1/1902,24.347,1.31,Algeria
5/1/1902,26.265,0.913,Algeria
6/1/1902,31.637,1.428,Algeria
7/1/1902,34.276,0.971,Algeria
8/1/1902,33.537,1.233,Algeria
9/1/1902,29.593,1.055,Algeria
10/1/1902,22.37,0.732,Algeria
11/1/1902,16.977,0.738,Algeria
12/1/1902,11.771,0.907,Algeria
1/1/1903,12.596,0.588,Algeria
2/1/1903,13.976,0.855,Algeria
3/1/1903,18.875,0.754,Algeria
4/1/1903,22.427,0.576,Algeria
5/1/1903,27.138,0.674,Algeria
6/1/1903,30.246,1.047,Algeria
7/1/1903,32.098,1.676,Algeria
8/1/1903,32.001,1.496,Algeria
9/1/1903,28.856,0.928,Algeria
10/1/1903,23.975,1.193,Algeria
11/1/1903,16.408,0.814,Algeria
12/1/1903,12.072,0.691,Algeria
1/1/1904,10.682,1.132,Algeria
2/1/1904,14.09,0.996,Algeria
3/1/1904,16.907,0.839,Algeria
4/1/1904,21.804,0.591,Algeria
5/1/1904,27.785,0.663,Algeria
6/1/1904,31.592,0.623,Algeria
7/1/1904,33.099,0.534,Algeria
8/1/1904,32.543,0.513,Algeria
9/1/1904,29.53,0.578,Algeria
10/1/1904,23.315,0.69,Algeria
11/1/1904,17.684,0.755,Algeria
12/1/1904,13.157,0.552,Algeria
1/1/1905,10.266,1.458,Algeria
2/1/1905,11.908,0.586,Algeria
3/1/1905,18.385,0.662,Algeria
4/1/1905,23.979,1.163,Algeria
5/1/1905,26.463,0.659,Algeria
6/1/1905,30.961,1.005,Algeria
7/1/1905,33.074,0.92,Algeria
8/1/1905,32.637,0.629,Algeria
9/1/1905,29.55,0.883,Algeria
10/1/1905,23.854,0.661,Algeria
11/1/1905,17.81,0.701,Algeria
12/1/1905,11.834,0.575,Algeria
1/1/1906,11.906,0.628,Algeria
2/1/1906,11.959,0.98,Algeria
3/1/1906,18.1,0.49,Algeria
4/1/1906,22.563,0.611,Algeria
5/1/1906,26.278,0.62,Algeria
6/1/1906,30.24,0.63,Algeria
7/1/1906,33.288,0.711,Algeria
8/1/1906,31.984,0.658,Algeria
9/1/1906,29.775,0.597,Algeria
10/1/1906,24.017,1.123,Algeria
11/1/1906,18.01,0.828,Algeria
12/1/1906,11.503,1.017,Algeria
1/1/1907,10.069,0.921,Algeria
2/1/1907,11.831,0.578,Algeria
3/1/1907,15.905,0.986,Algeria
4/1/1907,20.823,0.707,Algeria
5/1/1907,26.442,0.763,Algeria
6/1/1907,31.198,0.638,Algeria
7/1/1907,33.542,1,Algeria
8/1/1907,31.817,0.61,Algeria
9/1/1907,28.621,0.548,Algeria
10/1/1907,23.986,0.719,Algeria
11/1/1907,18.586,1.399,Algeria
12/1/1907,13.239,1.216,Algeria
1/1/1908,12.337,0.883,Algeria
2/1/1908,13.523,1.061,Algeria
3/1/1908,17.338,0.668,Algeria
4/1/1908,21.159,0.504,Algeria
5/1/1908,28.541,0.716,Algeria
6/1/1908,31.125,0.661,Algeria
7/1/1908,33.707,0.647,Algeria
8/1/1908,32.566,0.764,Algeria
9/1/1908,29.862,0.559,Algeria
10/1/1908,23.894,0.584,Algeria
11/1/1908,17.738,0.587,Algeria
12/1/1908,12.165,0.745,Algeria
1/1/1909,9.992,0.655,Algeria
2/1/1909,13.414,0.787,Algeria
3/1/1909,19.012,0.479,Algeria
4/1/1909,22.381,1.432,Algeria
5/1/1909,26.074,0.55,Algeria
6/1/1909,30.613,0.837,Algeria
7/1/1909,32.004,0.798,Algeria
8/1/1909,32.153,0.556,Algeria
9/1/1909,29.796,0.77,Algeria
10/1/1909,23.639,0.727,Algeria
11/1/1909,18.673,0.542,Algeria
12/1/1909,13.087,0.717,Algeria
1/1/1910,11.188,1.046,Algeria
2/1/1910,13.918,0.625,Algeria
3/1/1910,17.787,1.23,Algeria
4/1/1910,22.001,0.685,Algeria
5/1/1910,25.118,1.21,Algeria
6/1/1910,30.725,0.57,Algeria
7/1/1910,33.843,1.002,Algeria
8/1/1910,32.541,0.569,Algeria
9/1/1910,28.706,0.926,Algeria
10/1/1910,25.089,0.535,Algeria
11/1/1910,18.181,0.957,Algeria
12/1/1910,13.026,1.092,Algeria
1/1/1911,9.591,0.656,Algeria
2/1/1911,13.579,1.142,Algeria
3/1/1911,17.608,0.805,Algeria
4/1/1911,22.258,0.739,Algeria
5/1/1911,26.074,0.662,Algeria
6/1/1911,31.26,0.538,Algeria
7/1/1911,32.682,0.583,Algeria
8/1/1911,32.827,0.504,Algeria
9/1/1911,29.441,1.101,Algeria
10/1/1911,24.956,0.46,Algeria
11/1/1911,17.213,0.613,Algeria
12/1/1911,13.407,0.785,Algeria
1/1/1912,11.99,0.671,Algeria
2/1/1912,16.781,1.453,Algeria
3/1/1912,19.55,1.457,Algeria
4/1/1912,21.697,0.538,Algeria
5/1/1912,28.243,0.826,Algeria
6/1/1912,30.799,0.975,Algeria
7/1/1912,34.048,0.771,Algeria
8/1/1912,33.367,0.921,Algeria
9/1/1912,27.881,0.753,Algeria
10/1/1912,22.874,0.664,Algeria
11/1/1912,15.811,0.753,Algeria
12/1/1912,11.36,0.644,Algeria
1/1/1913,12.573,0.573,Algeria
2/1/1913,14.284,0.462,Algeria
3/1/1913,17.911,0.78,Algeria
4/1/1913,21.749,0.911,Algeria
5/1/1913,27.187,0.541,Algeria
6/1/1913,31.572,0.876,Algeria
7/1/1913,33.592,0.678,Algeria
8/1/1913,33.706,1.058,Algeria
9/1/1913,29.845,1.07,Algeria
10/1/1913,24.244,0.864,Algeria
11/1/1913,17.686,0.601,Algeria
12/1/1913,12.602,0.517,Algeria
1/1/1914,11.715,0.784,Algeria
2/1/1914,14.076,0.713,Algeria
3/1/1914,18.697,0.431,Algeria
4/1/1914,23.143,0.51,Algeria
5/1/1914,28.26,0.736,Algeria
6/1/1914,31.794,0.481,Algeria
7/1/1914,34.001,0.578,Algeria
8/1/1914,32.241,0.556,Algeria
9/1/1914,29.393,0.558,Algeria
10/1/1914,23.515,1.053,Algeria
11/1/1914,17.662,0.819,Algeria
12/1/1914,12.021,0.609,Algeria
1/1/1915,11.121,0.753,Algeria
2/1/1915,14.091,1.005,Algeria
3/1/1915,19.657,0.831,Algeria
4/1/1915,21.632,0.745,Algeria
5/1/1915,27.792,0.661,Algeria
6/1/1915,30.854,0.542,Algeria
7/1/1915,33.789,0.689,Algeria
8/1/1915,33.131,1.003,Algeria
9/1/1915,28.582,0.636,Algeria
10/1/1915,22.775,0.944,Algeria
11/1/1915,17.843,0.899,Algeria
12/1/1915,12.587,0.826,Algeria
1/1/1916,11.164,0.981,Algeria
2/1/1916,14.059,0.962,Algeria
3/1/1916,18.625,0.721,Algeria
4/1/1916,21.538,1.409,Algeria
5/1/1916,26.369,1.085,Algeria
6/1/1916,31.472,0.568,Algeria
7/1/1916,34.04,0.86,Algeria
8/1/1916,32.692,0.881,Algeria
9/1/1916,28.522,0.541,Algeria
10/1/1916,23.097,0.955,Algeria
11/1/1916,16.577,1.1,Algeria
12/1/1916,13.561,0.59,Algeria
1/1/1917,12.243,1.054,Algeria
2/1/1917,15.153,0.953,Algeria
3/1/1917,18.116,1.428,Algeria
4/1/1917,21.743,1.038,Algeria
5/1/1917,27.115,0.773,Algeria
6/1/1917,30.522,0.67,Algeria
7/1/1917,32.749,0.821,Algeria
8/1/1917,32.772,1.232,Algeria
9/1/1917,29.536,0.624,Algeria
10/1/1917,23.132,0.751,Algeria
11/1/1917,15.22,1.91,Algeria
12/1/1917,11.233,0.968,Algeria
1/1/1918,12.319,0.863,Algeria
2/1/1918,13.276,1.111,Algeria
3/1/1918,16.748,1.304,Algeria
4/1/1918,21.847,0.776,Algeria
5/1/1918,26.897,0.779,Algeria
6/1/1918,30.559,1.631,Algeria
7/1/1918,33.665,1.511,Algeria
8/1/1918,31.852,0.538,Algeria
9/1/1918,29.727,1.079,Algeria
10/1/1918,22.799,1.306,Algeria
11/1/1918,17.16,0.91,Algeria
12/1/1918,12.086,0.779,Algeria
1/1/1919,11.276,0.757,Algeria
2/1/1919,15.909,0.839,Algeria
3/1/1919,18.053,1.244,Algeria
4/1/1919,22.638,1.047,Algeria
5/1/1919,26.199,0.685,Algeria
6/1/1919,31.355,0.615,Algeria
7/1/1919,33.281,1.028,Algeria
8/1/1919,32.663,1.039,Algeria
9/1/1919,29.446,0.861,Algeria
10/1/1919,23.596,1.135,Algeria
11/1/1919,17.623,1.093,Algeria
12/1/1919,11.241,1.11,Algeria
1/1/1920,11.35,0.999,Algeria
2/1/1920,14.306,0.847,Algeria
3/1/1920,17.729,0.765,Algeria
4/1/1920,23.503,0.925,Algeria
5/1/1920,27.359,0.783,Algeria
6/1/1920,31.44,0.929,Algeria
7/1/1920,34.134,1.097,Algeria
8/1/1920,33.272,1.058,Algeria
9/1/1920,29.619,0.818,Algeria
10/1/1920,24.255,0.813,Algeria
11/1/1920,17.894,1.078,Algeria
12/1/1920,12.271,0.78,Algeria
1/1/1921,11.132,0.762,Algeria
2/1/1921,14.435,0.824,Algeria
3/1/1921,17.82,0.766,Algeria
4/1/1921,21.856,0.879,Algeria
5/1/1921,26.537,0.721,Algeria
6/1/1921,30.439,1.191,Algeria
7/1/1921,33.852,1.243,Algeria
8/1/1921,32.525,0.809,Algeria
9/1/1921,30.157,0.947,Algeria
10/1/1921,24.11,1.596,Algeria
11/1/1921,17.553,0.798,Algeria
12/1/1921,12.267,0.811,Algeria
1/1/1922,11.472,1.013,Algeria
2/1/1922,14.519,1.11,Algeria
3/1/1922,18.38,0.759,Algeria
4/1/1922,23.189,0.835,Algeria
5/1/1922,26.948,1.279,Algeria
6/1/1922,31.47,0.846,Algeria
7/1/1922,33.729,0.912,Algeria
8/1/1922,32.91,0.942,Algeria
9/1/1922,28.578,0.771,Algeria
10/1/1922,24.308,0.828,Algeria
11/1/1922,17.689,0.939,Algeria
12/1/1922,12.022,0.932,Algeria
1/1/1923,10.709,0.869,Algeria
2/1/1923,13.988,0.753,Algeria
3/1/1923,17.991,0.758,Algeria
4/1/1923,21.648,0.621,Algeria
5/1/1923,26.548,0.632,Algeria
6/1/1923,29.468,0.733,Algeria
7/1/1923,33.234,0.949,Algeria
8/1/1923,32.6,0.877,Algeria
9/1/1923,28.612,0.76,Algeria
10/1/1923,25.012,0.659,Algeria
11/1/1923,17.786,0.909,Algeria
12/1/1923,11.633,0.731,Algeria
1/1/1924,11.807,0.615,Algeria
2/1/1924,14.544,0.692,Algeria
3/1/1924,18.972,0.63,Algeria
4/1/1924,22.538,0.662,Algeria
5/1/1924,29.23,0.534,Algeria
6/1/1924,31.714,0.551,Algeria
7/1/1924,33.497,0.607,Algeria
8/1/1924,33.206,0.6,Algeria
9/1/1924,30.928,0.57,Algeria
10/1/1924,24.215,0.535,Algeria
11/1/1924,17.608,0.712,Algeria
12/1/1924,12.758,0.708,Algeria
1/1/1925,10.902,1.035,Algeria
2/1/1925,14.075,1.071,Algeria
3/1/1925,17.299,0.635,Algeria
4/1/1925,22.469,0.652,Algeria
5/1/1925,26.194,0.632,Algeria
6/1/1925,30.969,0.611,Algeria
7/1/1925,33.285,0.508,Algeria
8/1/1925,33.061,0.546,Algeria
9/1/1925,29.54,0.481,Algeria
10/1/1925,22.598,0.673,Algeria
11/1/1925,17.68,0.557,Algeria
12/1/1925,14.647,0.607,Algeria
1/1/1926,13.921,0.638,Algeria
2/1/1926,15.624,0.504,Algeria
3/1/1926,18.723,0.658,Algeria
4/1/1926,22.968,0.592,Algeria
5/1/1926,26.698,1.023,Algeria
6/1/1926,31.394,0.794,Algeria
7/1/1926,34.005,0.576,Algeria
8/1/1926,32.886,0.613,Algeria
9/1/1926,30.073,0.694,Algeria
10/1/1926,25.357,0.724,Algeria
11/1/1926,17.942,1.069,Algeria
12/1/1926,12.429,0.549,Algeria
1/1/1927,11.147,0.65,Algeria
2/1/1927,13.892,0.583,Algeria
3/1/1927,18.73,0.733,Algeria
4/1/1927,22.451,0.576,Algeria
5/1/1927,28.159,0.485,Algeria
6/1/1927,31.949,0.482,Algeria
7/1/1927,34.176,0.597,Algeria
8/1/1927,33.414,0.469,Algeria
9/1/1927,30.44,0.494,Algeria
10/1/1927,23.9,0.609,Algeria
11/1/1927,17.942,0.62,Algeria
12/1/1927,13.825,0.677,Algeria
1/1/1928,11.531,0.627,Algeria
2/1/1928,14.155,0.742,Algeria
3/1/1928,18.707,0.692,Algeria
4/1/1928,23.285,0.661,Algeria
5/1/1928,26.37,0.524,Algeria
6/1/1928,31.5,0.621,Algeria
7/1/1928,33.895,0.774,Algeria
8/1/1928,33.483,0.57,Algeria
9/1/1928,30.344,0.616,Algeria
10/1/1928,24.813,0.701,Algeria
11/1/1928,16.998,0.567,Algeria
12/1/1928,12.304,0.506,Algeria
1/1/1929,11.843,0.552,Algeria
2/1/1929,14.295,0.499,Algeria
3/1/1929,18.182,0.68,Algeria
4/1/1929,22.96,0.62,Algeria
5/1/1929,26.408,0.549,Algeria
6/1/1929,30.547,0.677,Algeria
7/1/1929,33.384,0.713,Algeria
8/1/1929,32.366,0.598,Algeria
9/1/1929,29.319,0.781,Algeria
10/1/1929,23.304,0.614,Algeria
11/1/1929,16.384,0.605,Algeria
12/1/1929,13.073,0.647,Algeria
1/1/1930,13.024,0.727,Algeria
2/1/1930,15.218,0.97,Algeria
3/1/1930,19.228,0.914,Algeria
4/1/1930,22.391,0.44,Algeria
5/1/1930,27.223,0.508,Algeria
6/1/1930,30.71,0.642,Algeria
7/1/1930,33.875,0.637,Algeria
8/1/1930,32.828,0.53,Algeria
9/1/1930,29.049,0.558,Algeria
10/1/1930,24.956,0.738,Algeria
11/1/1930,18.585,0.51,Algeria
12/1/1930,14.367,0.473,Algeria
1/1/1931,12.963,0.627,Algeria
2/1/1931,13.177,0.642,Algeria
3/1/1931,20.818,0.59,Algeria
4/1/1931,23.619,0.568,Algeria
5/1/1931,27.779,0.608,Algeria
6/1/1931,32.568,0.419,Algeria
7/1/1931,34.676,0.57,Algeria
8/1/1931,34.93,0.611,Algeria
9/1/1931,29.886,0.843,Algeria
10/1/1931,24.956,0.616,Algeria
11/1/1931,18.756,0.454,Algeria
12/1/1931,12.262,0.945,Algeria
1/1/1932,11.592,1.182,Algeria
2/1/1932,14.536,0.589,Algeria
3/1/1932,19.238,0.506,Algeria
4/1/1932,23.625,0.648,Algeria
5/1/1932,28.849,0.876,Algeria
6/1/1932,32.629,0.814,Algeria
7/1/1932,34.059,1.008,Algeria
8/1/1932,32.474,0.84,Algeria
9/1/1932,30.561,1.094,Algeria
10/1/1932,24.144,1.182,Algeria
11/1/1932,18.113,0.91,Algeria
12/1/1932,13.583,0.644,Algeria
1/1/1933,12.463,0.739,Algeria
2/1/1933,15.472,0.805,Algeria
3/1/1933,17.953,0.439,Algeria
4/1/1933,22.89,0.864,Algeria
5/1/1933,28.192,0.792,Algeria
6/1/1933,30.715,0.534,Algeria
7/1/1933,33.185,0.43,Algeria
8/1/1933,32.579,0.433,Algeria
9/1/1933,29.803,0.868,Algeria
10/1/1933,25.472,0.59,Algeria
11/1/1933,16.724,0.983,Algeria
12/1/1933,12.574,0.469,Algeria
1/1/1934,10.799,0.497,Algeria
2/1/1934,13.349,0.378,Algeria
3/1/1934,16.185,0.395,Algeria
4/1/1934,22.554,0.515,Algeria
5/1/1934,25.616,0.49,Algeria
6/1/1934,32.179,0.62,Algeria
7/1/1934,33.645,0.456,Algeria
8/1/1934,33.509,0.398,Algeria
9/1/1934,29.418,0.672,Algeria
10/1/1934,23.179,0.753,Algeria
11/1/1934,17.898,0.742,Algeria
12/1/1934,14.605,0.93,Algeria
1/1/1935,10.567,0.735,Algeria
2/1/1935,13.415,0.471,Algeria
3/1/1935,18.452,0.404,Algeria
4/1/1935,22.568,0.537,Algeria
5/1/1935,25.738,0.464,Algeria
6/1/1935,32.248,0.459,Algeria
7/1/1935,33.372,0.275,Algeria
8/1/1935,33.397,0.48,Algeria
9/1/1935,30.084,0.328,Algeria
10/1/1935,22.626,0.734,Algeria
11/1/1935,18.395,0.36,Algeria
12/1/1935,14.175,0.352,Algeria
1/1/1936,13.883,0.431,Algeria
2/1/1936,16.975,0.389,Algeria
3/1/1936,19.281,0.602,Algeria
4/1/1936,23.576,0.517,Algeria
5/1/1936,25.121,0.591,Algeria
6/1/1936,30.936,0.465,Algeria
7/1/1936,33.722,0.322,Algeria
8/1/1936,31.911,0.622,Algeria
9/1/1936,29.474,0.485,Algeria
10/1/1936,22.46,0.491,Algeria
11/1/1936,16.393,0.343,Algeria
12/1/1936,11.559,0.405,Algeria
1/1/1937,12.795,0.519,Algeria
2/1/1937,15.997,0.541,Algeria
3/1/1937,19.559,0.517,Algeria
4/1/1937,23.614,0.471,Algeria
5/1/1937,26.622,0.387,Algeria
6/1/1937,32.341,0.374,Algeria
7/1/1937,33.309,0.421,Algeria
8/1/1937,33.319,0.589,Algeria
9/1/1937,30.113,0.437,Algeria
10/1/1937,24.619,0.417,Algeria
11/1/1937,19.995,0.379,Algeria
12/1/1937,12.447,0.333,Algeria
1/1/1938,11.134,0.675,Algeria
2/1/1938,13.529,0.552,Algeria
3/1/1938,16.663,0.746,Algeria
4/1/1938,21.332,0.394,Algeria
5/1/1938,26.235,0.495,Algeria
6/1/1938,31.752,0.375,Algeria
7/1/1938,33.262,0.341,Algeria
8/1/1938,33.391,0.498,Algeria
9/1/1938,30.658,0.644,Algeria
10/1/1938,24.754,0.44,Algeria
11/1/1938,17.525,0.715,Algeria
12/1/1938,12.497,0.562,Algeria
1/1/1939,12.744,0.486,Algeria
2/1/1939,13.629,0.869,Algeria
3/1/1939,17.243,0.585,Algeria
4/1/1939,21.041,0.427,Algeria
5/1/1939,24.96,0.368,Algeria
6/1/1939,30.245,0.406,Algeria
7/1/1939,34.233,0.648,Algeria
8/1/1939,32.566,0.53,Algeria
9/1/1939,29.797,0.579,Algeria
10/1/1939,25.578,0.518,Algeria
11/1/1939,17.859,0.45,Algeria
12/1/1939,14.202,0.384,Algeria
1/1/1940,12.64,0.586,Algeria
2/1/1940,15.911,0.371,Algeria
3/1/1940,20.071,0.343,Algeria
4/1/1940,22.427,0.396,Algeria
5/1/1940,27.734,0.405,Algeria
6/1/1940,30.184,0.546,Algeria
7/1/1940,32.951,0.407,Algeria
8/1/1940,32.574,0.348,Algeria
9/1/1940,29.23,0.344,Algeria
10/1/1940,23.697,0.368,Algeria
11/1/1940,17.742,0.315,Algeria
12/1/1940,10.91,0.701,Algeria
1/1/1941,13.012,0.467,Algeria
2/1/1941,15.988,0.431,Algeria
3/1/1941,19.607,0.325,Algeria
4/1/1941,22.642,0.348,Algeria
5/1/1941,26.97,0.591,Algeria
6/1/1941,31.25,0.578,Algeria
7/1/1941,33.679,0.438,Algeria
8/1/1941,33.897,0.424,Algeria
9/1/1941,29.223,0.438,Algeria
10/1/1941,24.053,0.365,Algeria
11/1/1941,17.914,0.381,Algeria
12/1/1941,13.086,0.74,Algeria
1/1/1942,11.054,0.734,Algeria
2/1/1942,13.777,0.567,Algeria
3/1/1942,20.152,0.536,Algeria
4/1/1942,24.295,0.604,Algeria
5/1/1942,28.366,0.483,Algeria
6/1/1942,32.427,0.583,Algeria
7/1/1942,33.32,0.579,Algeria
8/1/1942,32.732,0.293,Algeria
9/1/1942,29.697,0.503,Algeria
10/1/1942,24.87,0.499,Algeria
11/1/1942,19.163,0.397,Algeria
12/1/1942,13.469,0.939,Algeria
1/1/1943,12.469,0.853,Algeria
2/1/1943,13.738,0.529,Algeria
3/1/1943,18.464,0.359,Algeria
4/1/1943,22.558,0.501,Algeria
5/1/1943,26.589,0.751,Algeria
6/1/1943,31.048,0.547,Algeria
7/1/1943,34.336,0.969,Algeria
8/1/1943,32.858,0.374,Algeria
9/1/1943,29.6,0.873,Algeria
10/1/1943,24.789,0.446,Algeria
11/1/1943,16.445,0.37,Algeria
12/1/1943,13.506,0.623,Algeria
1/1/1944,10.477,0.742,Algeria
2/1/1944,13.11,0.785,Algeria
3/1/1944,16.829,0.549,Algeria
4/1/1944,23.254,0.486,Algeria
5/1/1944,28.384,0.641,Algeria
6/1/1944,31.195,0.469,Algeria
7/1/1944,34.076,0.365,Algeria
8/1/1944,33.392,0.31,Algeria
9/1/1944,29.786,0.474,Algeria
10/1/1944,23.968,0.473,Algeria
11/1/1944,18.365,0.375,Algeria
12/1/1944,12.374,0.443,Algeria
1/1/1945,10.585,0.481,Algeria
2/1/1945,13.882,0.403,Algeria
3/1/1945,17.637,0.397,Algeria
4/1/1945,24.793,0.383,Algeria
5/1/1945,27.729,0.478,Algeria
6/1/1945,31.87,0.398,Algeria
7/1/1945,33.801,0.362,Algeria
8/1/1945,33.86,0.374,Algeria
9/1/1945,30.206,0.358,Algeria
10/1/1945,22.94,0.828,Algeria
11/1/1945,19.296,0.32,Algeria
12/1/1945,13.787,0.392,Algeria
1/1/1946,12.192,0.515,Algeria
2/1/1946,13.869,0.503,Algeria
3/1/1946,18.414,0.415,Algeria
4/1/1946,23.347,0.506,Algeria
5/1/1946,26.884,0.432,Algeria
6/1/1946,32.416,0.468,Algeria
7/1/1946,33.242,0.329,Algeria
8/1/1946,32.907,0.473,Algeria
9/1/1946,30.104,0.483,Algeria
10/1/1946,24.944,0.414,Algeria
11/1/1946,19.043,0.39,Algeria
12/1/1946,11.689,0.416,Algeria
1/1/1947,12.461,0.381,Algeria
2/1/1947,16.746,0.385,Algeria
3/1/1947,21.427,0.351,Algeria
4/1/1947,22.263,0.532,Algeria
5/1/1947,26.648,0.399,Algeria
6/1/1947,32.051,0.435,Algeria
7/1/1947,33.99,0.324,Algeria
8/1/1947,33.182,0.408,Algeria
9/1/1947,30.43,0.395,Algeria
10/1/1947,24.662,0.544,Algeria
11/1/1947,18.36,0.449,Algeria
12/1/1947,12.062,0.565,Algeria
1/1/1948,12.417,0.607,Algeria
2/1/1948,15.887,0.479,Algeria
3/1/1948,17.528,0.492,Algeria
4/1/1948,22.578,0.42,Algeria
5/1/1948,27.199,0.524,Algeria
6/1/1948,31.849,0.41,Algeria
7/1/1948,33.229,0.285,Algeria
8/1/1948,32.933,0.33,Algeria
9/1/1948,29.692,0.384,Algeria
10/1/1948,23.989,0.445,Algeria
11/1/1948,17.004,0.544,Algeria
12/1/1948,12.551,0.418,Algeria
1/1/1949,11.71,0.421,Algeria
2/1/1949,13.27,0.494,Algeria
3/1/1949,17.769,0.463,Algeria
4/1/1949,23.282,0.502,Algeria
5/1/1949,26.754,0.497,Algeria
6/1/1949,32.312,0.543,Algeria
7/1/1949,33.423,0.361,Algeria
8/1/1949,32.334,0.333,Algeria
9/1/1949,29.849,0.451,Algeria
10/1/1949,24.055,0.354,Algeria
11/1/1949,18.401,0.348,Algeria
12/1/1949,15.099,0.536,Algeria
1/1/1950,11.405,0.341,Algeria
2/1/1950,14.176,0.353,Algeria
3/1/1950,17.228,0.43,Algeria
4/1/1950,21.225,0.45,Algeria
5/1/1950,26.915,0.6,Algeria
6/1/1950,32.644,0.521,Algeria
7/1/1950,33.742,0.313,Algeria
8/1/1950,32.434,0.242,Algeria
9/1/1950,29.788,0.67,Algeria
10/1/1950,23.473,0.25,Algeria
11/1/1950,17.991,0.372,Algeria
12/1/1950,12.361,0.43,Algeria
1/1/1951,11.437,0.502,Algeria
2/1/1951,14.97,0.287,Algeria
3/1/1951,20.119,0.313,Algeria
4/1/1951,23.684,0.368,Algeria
5/1/1951,26.601,0.436,Algeria
6/1/1951,31.906,0.633,Algeria
7/1/1951,34.064,0.303,Algeria
8/1/1951,33.304,0.355,Algeria
9/1/1951,29.514,0.356,Algeria
10/1/1951,22.635,0.327,Algeria
11/1/1951,18.241,0.317,Algeria
12/1/1951,13.385,0.349,Algeria
1/1/1952,10.583,0.363,Algeria
2/1/1952,13.304,0.315,Algeria
3/1/1952,20.156,0.333,Algeria
4/1/1952,21.448,0.363,Algeria
5/1/1952,26.871,0.377,Algeria
6/1/1952,32.987,0.313,Algeria
7/1/1952,33.96,0.56,Algeria
8/1/1952,33.263,0.392,Algeria
9/1/1952,30.135,0.423,Algeria
10/1/1952,25.076,0.276,Algeria
11/1/1952,18.058,0.467,Algeria
12/1/1952,12.384,0.421,Algeria
1/1/1953,10.762,0.272,Algeria
2/1/1953,13.762,0.525,Algeria
3/1/1953,16.209,0.344,Algeria
4/1/1953,24.271,0.321,Algeria
5/1/1953,27.334,0.382,Algeria
6/1/1953,30.623,0.449,Algeria
7/1/1953,34.039,0.28,Algeria
8/1/1953,32.014,0.535,Algeria
9/1/1953,29.528,0.504,Algeria
10/1/1953,24.022,0.331,Algeria
11/1/1953,17.898,0.379,Algeria
12/1/1953,13.971,0.305,Algeria
1/1/1954,11.2,0.346,Algeria
2/1/1954,13.179,0.323,Algeria
3/1/1954,18.208,0.366,Algeria
4/1/1954,21.035,0.384,Algeria
5/1/1954,27.245,0.334,Algeria
6/1/1954,31.82,0.337,Algeria
7/1/1954,32.839,0.371,Algeria
8/1/1954,32.22,0.344,Algeria
9/1/1954,29.447,0.378,Algeria
10/1/1954,23.043,0.396,Algeria
11/1/1954,18.488,0.341,Algeria
12/1/1954,13.105,0.346,Algeria
1/1/1955,14.521,0.472,Algeria
2/1/1955,16.704,0.3,Algeria
3/1/1955,18.568,0.327,Algeria
4/1/1955,21.88,0.362,Algeria
5/1/1955,28.427,0.266,Algeria
6/1/1955,31.907,0.35,Algeria
7/1/1955,34.568,0.303,Algeria
8/1/1955,33.537,0.331,Algeria
9/1/1955,29.999,0.272,Algeria
10/1/1955,24.297,0.283,Algeria
11/1/1955,19.746,0.424,Algeria
12/1/1955,13.904,0.417,Algeria
1/1/1956,12.991,0.325,Algeria
2/1/1956,13.282,0.527,Algeria
3/1/1956,17.427,0.372,Algeria
4/1/1956,22.188,0.371,Algeria
5/1/1956,27.218,0.339,Algeria
6/1/1956,31.064,0.284,Algeria
7/1/1956,33.332,0.289,Algeria
8/1/1956,32.671,0.345,Algeria
9/1/1956,29.843,0.347,Algeria
10/1/1956,23.46,0.371,Algeria
11/1/1956,16.741,0.359,Algeria
12/1/1956,11.119,0.473,Algeria
1/1/1957,10.517,0.408,Algeria
2/1/1957,16.328,0.602,Algeria
3/1/1957,18.824,0.36,Algeria
4/1/1957,21.208,0.435,Algeria
5/1/1957,26.265,0.346,Algeria
6/1/1957,30.901,0.546,Algeria
7/1/1957,33.008,0.461,Algeria
8/1/1957,32.803,0.717,Algeria
9/1/1957,29.762,0.491,Algeria
10/1/1957,22.632,0.298,Algeria
11/1/1957,17.137,0.385,Algeria
12/1/1957,12.058,0.344,Algeria
1/1/1958,12.392,0.418,Algeria
2/1/1958,15.912,0.426,Algeria
3/1/1958,19.285,0.261,Algeria
4/1/1958,22.269,0.338,Algeria
5/1/1958,28.12,0.458,Algeria
6/1/1958,32.407,0.59,Algeria
7/1/1958,33.98,0.73,Algeria
8/1/1958,33.117,0.353,Algeria
9/1/1958,29.898,0.253,Algeria
10/1/1958,23.694,0.277,Algeria
11/1/1958,16.966,0.297,Algeria
12/1/1958,14.499,0.328,Algeria
1/1/1959,12.827,0.515,Algeria
2/1/1959,13.877,0.449,Algeria
3/1/1959,19.492,0.442,Algeria
4/1/1959,22.673,0.266,Algeria
5/1/1959,27.055,0.35,Algeria
6/1/1959,31.692,0.297,Algeria
7/1/1959,33.563,0.343,Algeria
8/1/1959,33.119,0.255,Algeria
9/1/1959,30.676,0.403,Algeria
10/1/1959,24.406,0.383,Algeria
11/1/1959,17.714,0.48,Algeria
12/1/1959,12.91,0.377,Algeria
1/1/1960,12.229,0.399,Algeria
2/1/1960,17.081,0.45,Algeria
3/1/1960,19.183,0.287,Algeria
4/1/1960,21.587,0.503,Algeria
5/1/1960,27.187,0.369,Algeria
6/1/1960,31.219,0.707,Algeria
7/1/1960,33.907,0.457,Algeria
8/1/1960,34.005,0.504,Algeria
9/1/1960,29.597,0.405,Algeria
10/1/1960,25.244,0.462,Algeria
11/1/1960,19.047,0.464,Algeria
12/1/1960,11.763,0.418,Algeria
1/1/1961,11.106,0.316,Algeria
2/1/1961,14.798,0.241,Algeria
3/1/1961,17.525,0.421,Algeria
4/1/1961,23.683,0.505,Algeria
5/1/1961,28.835,0.354,Algeria
6/1/1961,31.316,0.533,Algeria
7/1/1961,33.772,0.36,Algeria
8/1/1961,32.682,0.365,Algeria
9/1/1961,29.68,0.351,Algeria
10/1/1961,23.877,0.434,Algeria
11/1/1961,19.616,0.412,Algeria
12/1/1961,13.794,0.371,Algeria
1/1/1962,12.894,0.341,Algeria
2/1/1962,13.141,0.368,Algeria
3/1/1962,18.313,0.433,Algeria
4/1/1962,22.831,0.535,Algeria
5/1/1962,27.921,0.345,Algeria
6/1/1962,31.309,0.685,Algeria
7/1/1962,34.035,0.347,Algeria
8/1/1962,32.949,0.545,Algeria
9/1/1962,30.215,0.438,Algeria
10/1/1962,24.543,0.403,Algeria
11/1/1962,17.273,0.398,Algeria
12/1/1962,12.765,0.699,Algeria
1/1/1963,14.224,0.416,Algeria
2/1/1963,15.633,0.4,Algeria
3/1/1963,17.836,0.289,Algeria
4/1/1963,22.973,0.357,Algeria
5/1/1963,24.878,0.479,Algeria
6/1/1963,30.936,0.562,Algeria
7/1/1963,34.225,0.389,Algeria
8/1/1963,33.547,0.38,Algeria
9/1/1963,29.763,0.351,Algeria
10/1/1963,22.727,0.536,Algeria
11/1/1963,18.568,0.322,Algeria
12/1/1963,14.504,0.368,Algeria
1/1/1964,11.896,0.435,Algeria
2/1/1964,15.236,0.315,Algeria
3/1/1964,20.5,0.424,Algeria
4/1/1964,21.65,0.355,Algeria
5/1/1964,28.083,0.608,Algeria
6/1/1964,31.617,0.51,Algeria
7/1/1964,33.533,0.525,Algeria
8/1/1964,33.064,0.447,Algeria
9/1/1964,29.275,0.462,Algeria
10/1/1964,23.455,0.484,Algeria
11/1/1964,16.901,0.317,Algeria
12/1/1964,12.56,0.332,Algeria
1/1/1965,12.253,0.365,Algeria
2/1/1965,14.469,0.344,Algeria
3/1/1965,19.142,0.434,Algeria
4/1/1965,20.95,0.362,Algeria
5/1/1965,27.298,0.415,Algeria
6/1/1965,30.515,0.906,Algeria
7/1/1965,33.738,0.721,Algeria
8/1/1965,32.355,0.352,Algeria
9/1/1965,28.759,0.356,Algeria
10/1/1965,24.987,0.538,Algeria
11/1/1965,18.124,0.335,Algeria
12/1/1965,13.095,0.349,Algeria
1/1/1966,14.19,0.47,Algeria
2/1/1966,17.162,0.376,Algeria
3/1/1966,17.045,0.495,Algeria
4/1/1966,23.262,0.437,Algeria
5/1/1966,26.714,0.462,Algeria
6/1/1966,32.292,0.341,Algeria
7/1/1966,33.987,0.259,Algeria
8/1/1966,33.499,0.613,Algeria
9/1/1966,29.4,0.259,Algeria
10/1/1966,23.536,0.276,Algeria
11/1/1966,16.496,0.3,Algeria
12/1/1966,12.033,0.36,Algeria
1/1/1967,11.057,0.369,Algeria
2/1/1967,15.015,0.275,Algeria
3/1/1967,18.76,0.489,Algeria
4/1/1967,21.999,0.284,Algeria
5/1/1967,27.783,0.347,Algeria
6/1/1967,30.9,0.362,Algeria
7/1/1967,32.87,0.574,Algeria
8/1/1967,32.9,0.379,Algeria
9/1/1967,29.753,0.378,Algeria
10/1/1967,24.139,0.323,Algeria
11/1/1967,18.167,0.605,Algeria
12/1/1967,10.997,0.299,Algeria
1/1/1968,10.55,0.237,Algeria
2/1/1968,15.601,0.263,Algeria
3/1/1968,18.766,0.304,Algeria
4/1/1968,23.569,0.279,Algeria
5/1/1968,26.763,0.715,Algeria
6/1/1968,30.758,0.497,Algeria
7/1/1968,33.41,0.378,Algeria
8/1/1968,33.297,0.259,Algeria
9/1/1968,30.069,0.394,Algeria
10/1/1968,23.665,0.442,Algeria
11/1/1968,18.544,0.215,Algeria
12/1/1968,13.239,0.309,Algeria
1/1/1969,13.269,0.211,Algeria
2/1/1969,17.29,0.434,Algeria
3/1/1969,20.907,0.659,Algeria
4/1/1969,21.656,0.367,Algeria
5/1/1969,27.699,0.425,Algeria
6/1/1969,31.478,0.564,Algeria
7/1/1969,32.389,0.601,Algeria
8/1/1969,33.04,0.277,Algeria
9/1/1969,29.666,0.277,Algeria
10/1/1969,23.157,0.257,Algeria
11/1/1969,19.053,0.445,Algeria
12/1/1969,11.895,0.312,Algeria
1/1/1970,14.47,0.35,Algeria
2/1/1970,15.165,0.429,Algeria
3/1/1970,18.688,0.386,Algeria
4/1/1970,21.902,0.413,Algeria
5/1/1970,26.709,0.468,Algeria
6/1/1970,31.922,0.637,Algeria
7/1/1970,33.114,0.509,Algeria
8/1/1970,33.709,0.261,Algeria
9/1/1970,29.82,0.303,Algeria
10/1/1970,23.284,0.372,Algeria
11/1/1970,18.078,0.606,Algeria
12/1/1970,13.013,0.336,Algeria
1/1/1971,12.272,0.264,Algeria
2/1/1971,14.203,0.476,Algeria
3/1/1971,18.076,0.284,Algeria
4/1/1971,22.719,0.386,Algeria
5/1/1971,25.927,0.399,Algeria
6/1/1971,31.275,0.291,Algeria
7/1/1971,33.372,0.328,Algeria
8/1/1971,32.8,0.332,Algeria
9/1/1971,29.259,0.292,Algeria
10/1/1971,22.843,0.417,Algeria
11/1/1971,16.344,0.308,Algeria
12/1/1971,12.977,0.35,Algeria
1/1/1972,11.823,0.386,Algeria
2/1/1972,14.776,0.241,Algeria
3/1/1972,17.951,0.239,Algeria
4/1/1972,21.315,0.714,Algeria
5/1/1972,25.096,0.246,Algeria
6/1/1972,31.302,0.38,Algeria
7/1/1972,33.969,0.39,Algeria
8/1/1972,32.955,0.291,Algeria
9/1/1972,29.4,0.464,Algeria
10/1/1972,23.682,0.329,Algeria
11/1/1972,18.064,0.357,Algeria
12/1/1972,12.045,0.313,Algeria
1/1/1973,11.049,0.306,Algeria
2/1/1973,13.202,0.311,Algeria
3/1/1973,16.97,0.495,Algeria
4/1/1973,22.299,0.426,Algeria
5/1/1973,29.14,0.413,Algeria
6/1/1973,32.447,0.436,Algeria
7/1/1973,34.107,0.386,Algeria
8/1/1973,32.941,0.262,Algeria
9/1/1973,29.637,0.706,Algeria
10/1/1973,23.696,0.326,Algeria
11/1/1973,17.293,0.561,Algeria
12/1/1973,11.853,0.404,Algeria
1/1/1974,12.068,0.395,Algeria
2/1/1974,13.597,0.484,Algeria
3/1/1974,17.854,0.296,Algeria
4/1/1974,20.775,0.456,Algeria
5/1/1974,28.307,0.673,Algeria
6/1/1974,32.395,0.47,Algeria
7/1/1974,32.716,0.438,Algeria
8/1/1974,32.497,0.563,Algeria
9/1/1974,29.397,0.317,Algeria
10/1/1974,22.384,0.325,Algeria
11/1/1974,16.427,0.446,Algeria
12/1/1974,12.075,0.627,Algeria
1/1/1975,11.104,0.33,Algeria
2/1/1975,14.014,0.457,Algeria
3/1/1975,17.648,0.593,Algeria
4/1/1975,22.474,0.227,Algeria
5/1/1975,26.238,0.415,Algeria
6/1/1975,30.849,0.289,Algeria
7/1/1975,33.416,0.264,Algeria
8/1/1975,32.875,0.505,Algeria
9/1/1975,30.113,0.398,Algeria
10/1/1975,23.674,0.328,Algeria
11/1/1975,16.168,0.245,Algeria
12/1/1975,14.024,0.411,Algeria
1/1/1976,10.788,0.357,Algeria
2/1/1976,13.63,0.283,Algeria
3/1/1976,15.895,0.297,Algeria
4/1/1976,21.355,0.503,Algeria
5/1/1976,26.126,0.564,Algeria
6/1/1976,30.938,0.37,Algeria
7/1/1976,33.763,0.519,Algeria
8/1/1976,32.873,0.693,Algeria
9/1/1976,29.169,0.434,Algeria
10/1/1976,23.241,0.323,Algeria
11/1/1976,16.339,0.447,Algeria
12/1/1976,14.164,0.263,Algeria
1/1/1977,13.619,0.344,Algeria
2/1/1977,16.014,0.271,Algeria
3/1/1977,19.286,0.369,Algeria
4/1/1977,23.043,0.414,Algeria
5/1/1977,26.88,0.247,Algeria
6/1/1977,31.217,0.449,Algeria
7/1/1977,34.408,0.471,Algeria
8/1/1977,33.211,0.591,Algeria
9/1/1977,29.18,0.453,Algeria
10/1/1977,24.032,0.704,Algeria
11/1/1977,17.654,0.433,Algeria
12/1/1977,14.009,0.271,Algeria
1/1/1978,12.637,0.375,Algeria
2/1/1978,16.483,0.753,Algeria
3/1/1978,18.78,0.263,Algeria
4/1/1978,22.467,0.345,Algeria
5/1/1978,27.001,0.404,Algeria
6/1/1978,31.535,0.571,Algeria
7/1/1978,32.867,0.514,Algeria
8/1/1978,32.835,0.319,Algeria
9/1/1978,29.182,0.272,Algeria
10/1/1978,22.657,0.687,Algeria
11/1/1978,16.58,0.428,Algeria
12/1/1978,14.918,0.332,Algeria
1/1/1979,15.541,0.353,Algeria
2/1/1979,15.386,0.361,Algeria
3/1/1979,18.965,0.208,Algeria
4/1/1979,21.673,0.45,Algeria
5/1/1979,27.171,0.277,Algeria
6/1/1979,31.603,0.249,Algeria
7/1/1979,33.777,0.262,Algeria
8/1/1979,33.766,0.187,Algeria
9/1/1979,29.25,0.331,Algeria
10/1/1979,24.618,0.268,Algeria
11/1/1979,16.48,0.278,Algeria
12/1/1979,12.532,0.604,Algeria
1/1/1980,12.731,0.272,Algeria
2/1/1980,15.286,0.381,Algeria
3/1/1980,18.322,0.431,Algeria
4/1/1980,22.96,0.299,Algeria
5/1/1980,26.708,0.493,Algeria
6/1/1980,32.472,0.509,Algeria
7/1/1980,33.274,0.568,Algeria
8/1/1980,33.355,0.366,Algeria
9/1/1980,30.114,0.266,Algeria
10/1/1980,23.393,0.324,Algeria
11/1/1980,18.196,0.258,Algeria
12/1/1980,11.111,0.428,Algeria
1/1/1981,10.24,0.287,Algeria
2/1/1981,13.759,0.453,Algeria
3/1/1981,20.691,0.217,Algeria
4/1/1981,24.106,0.447,Algeria
5/1/1981,28.193,0.394,Algeria
6/1/1981,32.428,0.471,Algeria
7/1/1981,33.827,0.462,Algeria
8/1/1981,32.282,0.294,Algeria
9/1/1981,30.198,0.368,Algeria
10/1/1981,25.156,0.338,Algeria
11/1/1981,17.488,0.319,Algeria
12/1/1981,14.583,0.268,Algeria
1/1/1982,12.621,0.437,Algeria
2/1/1982,14.419,0.375,Algeria
3/1/1982,18.553,0.279,Algeria
4/1/1982,22.119,0.243,Algeria
5/1/1982,27.238,0.31,Algeria
6/1/1982,32.68,0.248,Algeria
7/1/1982,34.116,0.631,Algeria
8/1/1982,33.292,0.233,Algeria
9/1/1982,29.95,0.2,Algeria
10/1/1982,23.943,0.294,Algeria
11/1/1982,16.619,0.424,Algeria
12/1/1982,11.58,0.435,Algeria
1/1/1983,10.579,0.33,Algeria
2/1/1983,14.884,0.35,Algeria
3/1/1983,18.718,0.34,Algeria
4/1/1983,24.016,0.357,Algeria
5/1/1983,28.664,0.306,Algeria
6/1/1983,32.119,0.378,Algeria
7/1/1983,34.436,0.278,Algeria
8/1/1983,34.225,0.202,Algeria
9/1/1983,30.287,0.294,Algeria
10/1/1983,23.929,0.362,Algeria
11/1/1983,19.636,0.405,Algeria
12/1/1983,12.703,0.394,Algeria
1/1/1984,11.595,0.342,Algeria
2/1/1984,13.571,0.316,Algeria
3/1/1984,18.247,0.396,Algeria
4/1/1984,24.082,0.276,Algeria
5/1/1984,26.962,0.453,Algeria
6/1/1984,32.176,0.252,Algeria
7/1/1984,33.101,0.245,Algeria
8/1/1984,33.467,0.335,Algeria
9/1/1984,30.415,0.356,Algeria
10/1/1984,22.561,0.476,Algeria
11/1/1984,18.166,0.736,Algeria
12/1/1984,12.414,0.301,Algeria
1/1/1985,11.495,0.362,Algeria
2/1/1985,16.929,0.266,Algeria
3/1/1985,17.915,0.252,Algeria
4/1/1985,22.724,0.373,Algeria
5/1/1985,26.726,0.357,Algeria
6/1/1985,33.404,0.613,Algeria
7/1/1985,33.873,0.288,Algeria
8/1/1985,33.352,0.301,Algeria
9/1/1985,29.69,0.342,Algeria
10/1/1985,23.967,0.407,Algeria
11/1/1985,19.464,0.359,Algeria
12/1/1985,12.776,0.385,Algeria
1/1/1986,11.79,0.321,Algeria
2/1/1986,15.624,0.388,Algeria
3/1/1986,17.737,0.295,Algeria
4/1/1986,22.934,0.321,Algeria
5/1/1986,28.698,0.407,Algeria
6/1/1986,31.797,0.581,Algeria
7/1/1986,33.813,0.286,Algeria
8/1/1986,33.843,0.239,Algeria
9/1/1986,30.319,0.3,Algeria
10/1/1986,24.16,0.255,Algeria
11/1/1986,16.678,0.283,Algeria
12/1/1986,11.687,0.352,Algeria
1/1/1987,12.38,0.443,Algeria
2/1/1987,15.148,0.276,Algeria
3/1/1987,19.598,0.28,Algeria
4/1/1987,24.077,0.279,Algeria
5/1/1987,28.745,0.365,Algeria
6/1/1987,32.621,0.317,Algeria
7/1/1987,34.741,0.524,Algeria
8/1/1987,34.317,0.263,Algeria
9/1/1987,30.924,0.426,Algeria
10/1/1987,25.325,0.24,Algeria
11/1/1987,17.943,0.283,Algeria
12/1/1987,15.154,0.233,Algeria
1/1/1988,13.089,0.323,Algeria
2/1/1988,15.605,0.34,Algeria
3/1/1988,18.59,0.282,Algeria
4/1/1988,24.559,0.412,Algeria
5/1/1988,28.459,0.347,Algeria
6/1/1988,32.412,0.516,Algeria
7/1/1988,35.011,0.416,Algeria
8/1/1988,34.118,0.324,Algeria
9/1/1988,29.675,0.251,Algeria
10/1/1988,24.708,0.221,Algeria
11/1/1988,18.577,0.297,Algeria
12/1/1988,10.985,0.379,Algeria
1/1/1989,11.176,0.26,Algeria
2/1/1989,14.214,0.305,Algeria
3/1/1989,18.847,0.231,Algeria
4/1/1989,22.52,0.26,Algeria
5/1/1989,27.645,0.327,Algeria
6/1/1989,31.617,0.315,Algeria
7/1/1989,33.894,0.352,Algeria
8/1/1989,33.797,0.364,Algeria
9/1/1989,31.188,0.24,Algeria
10/1/1989,24.96,0.34,Algeria
11/1/1989,19.234,0.282,Algeria
12/1/1989,15.6,0.323,Algeria
1/1/1990,12.207,0.492,Algeria
2/1/1990,16.059,0.303,Algeria
3/1/1990,19.661,0.615,Algeria
4/1/1990,23.09,0.218,Algeria
5/1/1990,27.491,0.477,Algeria
6/1/1990,33.167,0.396,Algeria
7/1/1990,34.082,0.401,Algeria
8/1/1990,33.412,0.391,Algeria
9/1/1990,31.688,0.24,Algeria
10/1/1990,26.006,0.504,Algeria
11/1/1990,18.55,0.361,Algeria
12/1/1990,12.76,0.377,Algeria
1/1/1991,11.519,0.493,Algeria
2/1/1991,13.943,0.248,Algeria
3/1/1991,18.792,0.451,Algeria
4/1/1991,22.058,0.306,Algeria
5/1/1991,25.674,0.361,Algeria
6/1/1991,31.822,0.384,Algeria
7/1/1991,34.401,0.49,Algeria
8/1/1991,33.404,0.334,Algeria
9/1/1991,30.575,0.237,Algeria
10/1/1991,24.006,0.271,Algeria
11/1/1991,17.466,0.324,Algeria
12/1/1991,12.473,0.434,Algeria
1/1/1992,10.925,0.259,Algeria
2/1/1992,15.051,0.301,Algeria
3/1/1992,17.411,0.318,Algeria
4/1/1992,21.845,0.333,Algeria
5/1/1992,26.372,0.363,Algeria
6/1/1992,30.546,0.497,Algeria
7/1/1992,33.077,0.289,Algeria
8/1/1992,33.204,0.305,Algeria
9/1/1992,29.878,0.352,Algeria
10/1/1992,24.22,0.379,Algeria
11/1/1992,17.165,0.32,Algeria
12/1/1992,13.51,0.428,Algeria
1/1/1993,11.053,0.449,Algeria
2/1/1993,13.731,0.277,Algeria
3/1/1993,18.235,0.279,Algeria
4/1/1993,22.867,0.255,Algeria
5/1/1993,27.567,0.4,Algeria
6/1/1993,33.315,0.386,Algeria
7/1/1993,34.422,0.306,Algeria
8/1/1993,33.565,0.317,Algeria
9/1/1993,30.109,0.211,Algeria
10/1/1993,24.679,0.309,Algeria
11/1/1993,18.908,0.767,Algeria
12/1/1993,12.959,0.231,Algeria
1/1/1994,12.282,0.491,Algeria
2/1/1994,14.46,0.345,Algeria
3/1/1994,19.598,0.296,Algeria
4/1/1994,21.848,0.261,Algeria
5/1/1994,28.923,0.304,Algeria
6/1/1994,32.788,0.307,Algeria
7/1/1994,34.267,0.31,Algeria
8/1/1994,34.129,0.317,Algeria
9/1/1994,29.85,0.396,Algeria
10/1/1994,24.064,0.337,Algeria
11/1/1994,18.686,0.277,Algeria
12/1/1994,12.81,0.216,Algeria
1/1/1995,10.828,0.299,Algeria
2/1/1995,15.365,0.573,Algeria
3/1/1995,18.348,0.286,Algeria
4/1/1995,21.881,0.218,Algeria
5/1/1995,29.082,0.321,Algeria
6/1/1995,32.133,0.403,Algeria
7/1/1995,34.121,0.384,Algeria
8/1/1995,34.443,0.33,Algeria
9/1/1995,30.432,0.231,Algeria
10/1/1995,24.312,0.234,Algeria
11/1/1995,18.689,0.222,Algeria
12/1/1995,15.036,0.332,Algeria
1/1/1996,14.843,0.603,Algeria
2/1/1996,14.926,0.329,Algeria
3/1/1996,19.184,0.248,Algeria
4/1/1996,23.2,0.499,Algeria
5/1/1996,28.035,0.403,Algeria
6/1/1996,31.019,0.329,Algeria
7/1/1996,33.976,0.31,Algeria
8/1/1996,34.243,0.578,Algeria
9/1/1996,29.897,0.612,Algeria
10/1/1996,23.385,0.219,Algeria
11/1/1996,17.796,0.288,Algeria
12/1/1996,14.308,0.438,Algeria
1/1/1997,14.117,0.39,Algeria
2/1/1997,15.504,0.261,Algeria
3/1/1997,17.874,0.336,Algeria
4/1/1997,22.252,0.206,Algeria
5/1/1997,28.201,0.345,Algeria
6/1/1997,33.314,0.354,Algeria
7/1/1997,34.896,0.331,Algeria
8/1/1997,33.455,0.388,Algeria
9/1/1997,30.352,0.33,Algeria
10/1/1997,24.816,0.574,Algeria
11/1/1997,18.786,0.436,Algeria
12/1/1997,13.895,0.286,Algeria
1/1/1998,13.23,0.265,Algeria
2/1/1998,15.867,0.607,Algeria
3/1/1998,18.227,0.271,Algeria
4/1/1998,24.861,0.259,Algeria
5/1/1998,27.368,0.404,Algeria
6/1/1998,32.526,0.52,Algeria
7/1/1998,35.058,0.306,Algeria
8/1/1998,34.349,0.319,Algeria
9/1/1998,31.763,0.219,Algeria
10/1/1998,24.055,0.286,Algeria
11/1/1998,17.431,0.381,Algeria
12/1/1998,12.312,0.21,Algeria
1/1/1999,12.187,0.295,Algeria
2/1/1999,12.946,0.372,Algeria
3/1/1999,19.304,0.265,Algeria
4/1/1999,24.834,0.324,Algeria
5/1/1999,30.143,0.48,Algeria
6/1/1999,33.75,0.597,Algeria
7/1/1999,35.178,0.435,Algeria
8/1/1999,34.934,0.326,Algeria
9/1/1999,31.711,0.371,Algeria
10/1/1999,26.29,0.203,Algeria
11/1/1999,17.779,0.266,Algeria
12/1/1999,12.537,0.208,Algeria
1/1/2000,11.26,0.286,Algeria
2/1/2000,14.386,0.284,Algeria
3/1/2000,20.236,0.451,Algeria
4/1/2000,25.017,0.347,Algeria
5/1/2000,29.425,0.339,Algeria
6/1/2000,32.172,0.364,Algeria
7/1/2000,34.933,0.344,Algeria
8/1/2000,33.748,0.236,Algeria
9/1/2000,30.635,0.225,Algeria
10/1/2000,23.424,0.382,Algeria
11/1/2000,18.709,0.299,Algeria
12/1/2000,14.442,0.239,Algeria
1/1/2001,13.127,0.301,Algeria
2/1/2001,14.525,0.401,Algeria
3/1/2001,22.359,0.322,Algeria
4/1/2001,23.731,0.744,Algeria
5/1/2001,28.24,0.479,Algeria
6/1/2001,33.403,0.407,Algeria
7/1/2001,35.498,0.31,Algeria
8/1/2001,34.15,0.52,Algeria
9/1/2001,31.881,0.478,Algeria
10/1/2001,26.917,0.309,Algeria
11/1/2001,18.681,0.323,Algeria
12/1/2001,14.181,0.335,Algeria
1/1/2002,12.269,0.352,Algeria
2/1/2002,15.554,0.378,Algeria
3/1/2002,20.129,0.274,Algeria
4/1/2002,23.215,0.327,Algeria
5/1/2002,28.406,0.586,Algeria
6/1/2002,32.628,0.315,Algeria
7/1/2002,35.43,0.361,Algeria
8/1/2002,34.32,0.674,Algeria
9/1/2002,31.228,0.304,Algeria
10/1/2002,24.482,0.371,Algeria
11/1/2002,18.444,0.3,Algeria
12/1/2002,15.051,0.339,Algeria
1/1/2003,12.737,0.426,Algeria
2/1/2003,14.385,0.365,Algeria
3/1/2003,19.599,0.352,Algeria
4/1/2003,24.085,0.342,Algeria
5/1/2003,29.116,0.396,Algeria
6/1/2003,33.07,0.561,Algeria
7/1/2003,35.829,0.4,Algeria
8/1/2003,34.038,0.263,Algeria
9/1/2003,31.135,0.52,Algeria
10/1/2003,26.638,0.441,Algeria
11/1/2003,18.76,0.281,Algeria
12/1/2003,13.332,0.382,Algeria
1/1/2004,13.008,0.326,Algeria
2/1/2004,16.674,0.251,Algeria
3/1/2004,19.649,0.21,Algeria
4/1/2004,23.332,0.602,Algeria
5/1/2004,26.333,0.383,Algeria
6/1/2004,32.359,0.452,Algeria
7/1/2004,33.934,0.689,Algeria
8/1/2004,34.532,0.553,Algeria
9/1/2004,29.782,0.489,Algeria
10/1/2004,26.374,0.539,Algeria
11/1/2004,17.278,0.278,Algeria
12/1/2004,13.737,0.273,Algeria
1/1/2005,10.748,0.272,Algeria
2/1/2005,13.5,0.365,Algeria
3/1/2005,20.446,0.485,Algeria
4/1/2005,24.624,0.395,Algeria
5/1/2005,30.515,0.382,Algeria
6/1/2005,32.3,0.465,Algeria
7/1/2005,35.702,0.332,Algeria
8/1/2005,34.174,0.513,Algeria
9/1/2005,30.38,0.587,Algeria
10/1/2005,26.046,0.39,Algeria
11/1/2005,19.029,0.397,Algeria
12/1/2005,13.207,0.405,Algeria
1/1/2006,11.374,0.324,Algeria
2/1/2006,14.421,0.388,Algeria
3/1/2006,20.245,0.239,Algeria
4/1/2006,25.776,0.368,Algeria
5/1/2006,29.632,0.45,Algeria
6/1/2006,32.725,0.348,Algeria
7/1/2006,34.584,0.502,Algeria
8/1/2006,34.113,0.487,Algeria
9/1/2006,29.824,0.334,Algeria
10/1/2006,25.729,0.25,Algeria
11/1/2006,18.752,0.407,Algeria
12/1/2006,13.235,0.348,Algeria
1/1/2007,13.636,0.437,Algeria
2/1/2007,16.853,0.297,Algeria
3/1/2007,18.295,0.279,Algeria
4/1/2007,23.462,0.269,Algeria
5/1/2007,28.139,0.225,Algeria
6/1/2007,32.869,0.33,Algeria
7/1/2007,34.341,0.483,Algeria
8/1/2007,33.863,0.562,Algeria
9/1/2007,31.036,0.718,Algeria
10/1/2007,25.148,0.217,Algeria
11/1/2007,18.105,0.302,Algeria
12/1/2007,13.037,0.383,Algeria
1/1/2008,11.936,0.24,Algeria
2/1/2008,15.584,0.309,Algeria
3/1/2008,19.943,0.276,Algeria
4/1/2008,24.425,0.255,Algeria
5/1/2008,28.591,0.216,Algeria
6/1/2008,32.597,0.41,Algeria
7/1/2008,35.102,0.488,Algeria
8/1/2008,34.086,0.241,Algeria
9/1/2008,31.175,0.703,Algeria
10/1/2008,24.462,0.359,Algeria
11/1/2008,17.193,0.22,Algeria
12/1/2008,12.309,0.342,Algeria
1/1/2009,12.455,0.309,Algeria
2/1/2009,15.302,0.31,Algeria
3/1/2009,19.838,0.238,Algeria
4/1/2009,22.298,0.325,Algeria
5/1/2009,28.375,0.343,Algeria
6/1/2009,33.066,0.344,Algeria
7/1/2009,35.426,0.413,Algeria
8/1/2009,34.212,0.306,Algeria
9/1/2009,29.306,0.323,Algeria
10/1/2009,25.229,0.296,Algeria
11/1/2009,18.456,0.485,Algeria
12/1/2009,15.889,0.345,Algeria
1/1/2010,14.72,0.31,Algeria
2/1/2010,18.967,0.191,Algeria
3/1/2010,21.633,0.308,Algeria
4/1/2010,25.926,0.264,Algeria
5/1/2010,28.437,0.25,Algeria
6/1/2010,32.967,0.348,Algeria
7/1/2010,35.183,0.317,Algeria
8/1/2010,34.306,0.395,Algeria
9/1/2010,30.745,0.205,Algeria
10/1/2010,24.989,0.264,Algeria
11/1/2010,19.017,0.326,Algeria
12/1/2010,15.698,0.326,Algeria
1/1/2011,14.015,0.353,Algeria
2/1/2011,14.236,0.308,Algeria
3/1/2011,20.083,0.209,Algeria
4/1/2011,24.582,0.331,Algeria
5/1/2011,28.231,0.222,Algeria
6/1/2011,32.256,0.312,Algeria
7/1/2011,35.004,0.359,Algeria
8/1/2011,34,0.421,Algeria
9/1/2011,31.723,0.248,Algeria
10/1/2011,23.701,0.351,Algeria
11/1/2011,18.855,0.34,Algeria
12/1/2011,13.044,0.361,Algeria
1/1/2012,11.363,0.423,Algeria
2/1/2012,12.09,0.428,Algeria
3/1/2012,18.32,0.206,Algeria
4/1/2012,23.349,0.248,Algeria
5/1/2012,29.664,0.351,Algeria
6/1/2012,33.977,0.463,Algeria
7/1/2012,34.958,0.836,Algeria
8/1/2012,34.01,0.72,Algeria
9/1/2012,30.224,0.946,Algeria
10/1/2012,25.834,0.425,Algeria
11/1/2012,20.031,0.268,Algeria
12/1/2012,13.638,0.501,Algeria
1/1/2013,12.781,0.442,Algeria
2/1/2013,14.211,0.312,Algeria
3/1/2013,21.027,0.243,Algeria
4/1/2013,24.242,0.472,Algeria
5/1/2013,28.482,0.264,Algeria
6/1/2013,32.288,0.449,Algeria
7/1/2013,34.707,0.521,Algeria
8/1/2013,33.234,0.798,Algeria
9/1/2013,,,Algeria
