date,temperature
2012-10-01,11.03684
2012-10-02,14.340557782490869
2012-10-03,14.518382231648403
2012-10-04,16.820351125250383
2012-10-05,16.948431129963474
2012-10-06,14.359844468009898
2012-10-07,6.29467050446902
2012-10-08,7.197115588547189
2012-10-09,7.406417815482502
2012-10-10,6.551053375751149
2012-10-11,7.779133380464241
2012-10-12,6.290546718510663
2012-10-13,7.793626723223754
2012-10-14,6.9105956168257325
2012-10-15,17.64708831995152
2012-10-16,10.750644515140802
2012-10-17,7.224835630965006
2012-10-18,14.556804524566983
2012-10-19,14.145440084835633
2012-10-20,11.851853422882055
2012-10-21,8.651111205372922
2012-10-22,8.909124543419345
2012-10-23,10.82442677035466
2012-10-24,16.905284552845526
2012-10-25,17.8661423353364
2012-10-26,17.125889006716157
2012-10-27,10.202857900318133
2012-10-28,8.189410127253447
2012-10-29,7.158462354188759
2012-10-30,5.820014581124073
2012-10-31,4.876844585837163
2012-11-01,4.204369034994698
2012-11-02,5.530385547644296
2012-11-03,4.614973488865324
2012-11-04,3.6038471443720654
2012-11-05,2.4955779427359492
2012-11-06,1.6890246141157064
2012-11-07,2.9495157299399084
2012-11-08,3.4927346235418875
2012-11-09,3.595120183810534
2012-11-10,5.532089077412514
2012-11-11,9.646280193236715
2012-11-12,13.117137975727585
2012-11-13,11.837440202662895
2012-11-14,1.5788535407093203
2012-11-15,-0.7026497879109225
2012-11-16,1.9983468834688345
2012-11-17,3.7912046659597034
2012-11-18,6.0211735595616815
2012-11-19,5.513142453163662
2012-11-20,3.3001113467656413
2012-11-21,7.0881913514787325
2012-11-22,6.46793802285849
2012-11-23,7.397684694238246
2012-11-24,10.060320254506891
2012-11-25,1.0405113703310946
2012-11-26,0.09442470837751854
2012-11-27,1.7722269353128315
2012-11-28,-1.3887208377518556
2012-11-29,1.4728313891834572
2012-11-30,1.811466949452103
2012-12-01,5.090578700196939
2012-12-02,3.3924880699893953
2012-12-03,11.867373630258044
2012-12-04,9.18934252386002
2012-12-05,13.373755861906446
2012-12-06,2.044232692016361
2012-12-07,0.18467420466595968
2012-12-08,4.694995876045716
2012-12-09,4.521409214092142
2012-12-10,2.644489218805232
2012-12-11,5.110902556851655
2012-12-12,0.3557603393425239
2012-12-13,-0.3740485448332744
2012-12-14,3.5148647932131496
2012-12-15,1.4333813058627483
2012-12-16,3.222969247083775
2012-12-17,9.824938140685756
2012-12-18,6.721351478732179
2012-12-19,4.148875927889714
2012-12-20,4.153067043713914
2012-12-21,5.310591492871451
2012-12-22,1.3097826086956523
2012-12-23,0.1184181689642983
2012-12-24,-2.3040573818781667
2012-12-25,-1.5507392819269805
2012-12-26,-1.8802584835630967
2012-12-27,-0.06870625662778368
2012-12-28,0.25992930364086253
2012-12-29,-6.228101802757157
2012-12-30,-1.7886567186789881
2012-12-31,-2.1246402060293894
2013-01-01,-1.605945121951219
2013-01-02,-3.112448450571463
2013-01-03,-8.121035112525039
2013-01-04,-5.9651773300341695
2013-01-05,-2.759736214209968
2013-01-06,-4.4956839872746555
2013-01-07,1.8696182396606575
2013-01-08,1.178253799929304
2013-01-09,-1.4397773064687174
2013-01-10,-1.7627179366762613
2013-01-11,0.49332714740190886
2013-01-12,5.72501826322611
2013-01-13,9.540320490161424
2013-01-14,6.2411782726522915
2013-01-15,-2.08796394485684
2013-01-16,-4.5665506068104165
2013-01-17,-1.6461094909862142
2013-01-18,1.9300855930919556
2013-01-19,-5.064532814893367
2013-01-20,4.0229916342641685
2013-01-21,-3.916706138800518
2013-01-22,-7.010292800754095
2013-01-23,-15.102212796041005
2013-01-24,-12.18857723577236
2013-01-25,-9.378275008837043
2013-01-26,-7.2482505596795095
2013-01-27,-5.080448332744196
2013-01-28,-6.158368328031106
2013-01-29,4.335322787793095
2013-01-30,5.668319459172853
2013-01-31,11.22242724166372
2013-02-01,-4.437826086956521
2013-02-02,-9.021273860021207
2013-02-03,-7.598332744197007
2013-02-04,-9.46969718392836
2013-02-05,-8.465506068104158
2013-02-06,-7.760203841168847
2013-02-07,-10.440012725344646
2013-02-08,0.13357521587638244
2013-02-09,-2.165408271474019
2013-02-10,-10.114106044538705
2013-02-11,-1.7964704842700594
2013-02-12,5.15568590933192
2013-02-13,0.8308006362672322
2013-02-14,-1.1817542796545975
2013-02-15,2.181405090137858
2013-02-16,-0.49829268292682916
2013-02-17,-4.414101567102627
2013-02-18,-8.39435489572287
2013-02-19,-3.684608224343113
2013-02-20,2.762201939100136
2013-02-21,-6.222781548250265
2013-02-22,-5.288701543537175
2013-02-23,-3.1399270943796393
2013-02-24,1.6241251325556734
2013-02-25,-1.8490476405090135
2013-02-26,-1.4291593024625904
2013-02-27,-0.029968186638388072
2013-02-28,2.412834040296925
2013-03-01,
2013-03-02,-1.3357281724991168
2013-03-03,-1.7359815011193587
2013-03-04,-3.7406792741840453
2013-03-05,-4.519821491693177
2013-03-06,-1.3564192647578652
2013-03-07,0.3162274066218922
2013-03-08,2.101323284350856
2013-03-09,-0.9639459172852595
2013-03-10,1.098956309650053
2013-03-11,11.979658536585365
2013-03-12,9.979327430187345
2013-03-13,1.3662629904559915
2013-03-14,-1.4178722826086954
2013-03-15,-1.4733825556733828
2013-03-16,2.0833363379285967
2013-03-17,-1.2545281018027568
2013-03-18,-1.9490369859785557
2013-03-19,-1.349209362217846
2013-03-20,-2.5484547543301517
2013-03-21,-2.5233191940615063
2013-03-22,-4.727461411570638
2013-03-23,-1.9212861687623082
2013-03-24,-1.4545553703984249
2013-03-25,-1.0196102863202547
2013-03-26,1.8306919406150584
2013-03-27,3.296271945328149
2013-03-28,3.6821297278190173
2013-03-29,3.2502097325321078
2013-03-30,4.149956403911865
2013-03-31,4.6134530752916225
2013-04-01,6.561576730798365
2013-04-02,1.2319741958289148
2013-04-03,-1.1231402439024394
2013-04-04,-0.555338016967126
2013-04-05,2.0717697655237424
2013-04-06,5.2043914369035
2013-04-07,2.9739615209816694
2013-04-08,13.824343112996345
2013-04-09,8.565423117709438
2013-04-10,7.423836455755862
2013-04-11,6.44580534935784
2013-04-12,4.129996465182043
2013-04-13,4.178632025450689
2013-04-14,4.622267585719335
2013-04-15,3.7347920348768704
2013-04-16,9.394538706256629
2013-04-17,12.135396488747498
2013-04-18,8.842920937905031
2013-04-19,15.058223164840344
2013-04-20,11.417176185426449
2013-04-21,2.6870498409331924
2013-04-22,2.277463178979616
2013-04-23,9.347654294803817
2013-04-24,11.92695652173913
2013-04-25,5.294480970896665
2013-04-26,5.177489547038328
2013-04-27,7.058577488259354
2013-04-28,10.333720985035937
2013-04-29,11.845689878637916
2013-04-30,13.856547661128783
2013-05-01,15.263516554730764
2013-05-02,17.242263226110524
2013-05-03,17.231343230823615
2013-05-04,17.86331212442559
2013-05-05,15.951947684694236
2013-05-06,15.408361022740662
2013-05-07,14.334218805231531
2013-05-08,16.25118769883351
2013-05-09,17.969823259102153
2013-05-10,19.363458819370805
2013-05-11,18.431538824083894
2013-05-12,8.886841051019205
2013-05-13,6.982698833510075
2013-05-14,5.3541121715564985
2013-05-15,13.005969954047368
2013-05-16,21.846938847649344
2013-05-17,19.816685519029104
2013-05-18,13.92754330151997
2013-05-19,16.64467886178862
2013-05-20,19.4381477553906
2013-05-21,22.1823388712148
2013-05-22,24.98430776481678
2013-05-23,22.34294332508542
2013-05-24,17.398245552020736
2013-05-25,6.027325556733829
2013-05-26,9.092342069383427
2013-05-27,11.693358582033024
2013-05-28,12.915982237539767
2013-05-29,14.313645575586193
2013-05-30,24.400058913632613
2013-05-31,24.052027807234595
2013-06-01,24.30066336750324
2013-06-02,21.507076705549665
2013-06-03,20.92682337692942
2013-06-04,12.68768115942029
2013-06-05,15.099094497466714
2013-06-06,16.207174502179807
2013-06-07,16.061365618004007
2013-06-08,13.969390067161541
2013-06-09,16.745303405207963
2013-06-10,19.362827854365502
2013-06-11,18.614741192411923
2013-06-12,21.18009897490279
2013-06-13,21.93706786850477
2013-06-14,20.506258984328976
2013-06-15,20.093783433486507
2013-06-16,21.436863438199598
2013-06-17,21.66994344291269
2013-06-18,22.39080122540356
2013-06-19,18.029247896783314
2013-06-20,17.757294568163076
2013-06-21,21.238963461765053
2013-06-22,21.715987910922586
2013-06-23,25.509901248969012
2013-06-24,25.439670142570993
2013-06-25,25.60902792506186
2013-06-26,22.947385707552726
2013-06-27,23.677410156710266
2013-06-28,25.00465682809002
2013-06-29,21.992459055025336
2013-06-30,20.861150170849534
2013-07-01,21.416396842229286
2013-07-02,20.119476846942383
2013-07-03,19.688334629433253
2013-07-04,22.963414634146343
2013-07-05,25.03427241663721
2013-07-06,24.1373524213503
2013-07-07,25.427099092730057
2013-07-08,24.43629020855426
2013-07-09,24.353814657711798
2013-07-10,25.023005773535992
2013-07-11,28.171641333804644
2013-07-12,21.888832449628847
2013-07-13,20.381690232119713
2013-07-14,22.97143690349947
2013-07-15,26.037461352657004
2013-07-16,26.819263579592317
2013-07-17,27.453454695416518
2013-07-18,28.827645811240725
2013-07-19,29.052948038176037
2013-07-20,29.702694709555793
2013-07-21,25.211885825379994
2013-07-22,22.566632496759752
2013-07-23,23.827490279250622
2013-07-24,22.50768139507482
2013-07-25,18.208094733121246
2013-07-26,18.717619182278778
2013-07-27,20.863143631436316
2013-07-28,21.44955696948274
2013-07-29,16.255414751973607
2013-07-30,17.865716978908917
2013-07-31,18.858796983622007
2013-08-01,21.826321432779544
2013-08-02,21.388290326381526
2013-08-03,19.81470366442795
2013-08-04,21.254450335807704
2013-08-05,18.70419700718746
2013-08-06,19.36394367856722
2013-08-07,21.682745905502532
2013-08-08,22.452325910215624
2013-08-09,22.17318369270649
2013-08-10,20.91165258630847
2013-08-11,21.212677035466008
2013-08-12,21.033534817956877
2013-08-13,20.70550371155885
2013-08-14,18.497783716271947
2013-08-15,17.116808165429482
2013-08-16,18.20863261458702
2013-08-17,19.49065706374455
2013-08-18,19.444237068457642
2013-08-19,21.340650406504068
2013-08-20,21.57595263343938
2013-08-21,23.29514374926358
2013-08-22,24.756557087310007
2013-08-23,25.411859314245312
2013-08-24,22.858383763402852
2013-08-25,21.25913043478261
2013-08-26,22.407821550606812
2013-08-27,25.481845999764342
2013-08-28,24.88148156003299
2013-08-29,24.926617120301636
2013-08-30,24.476752680570286
2013-08-31,23.70988824083893
2013-09-01,21.659523801107575
2013-09-02,23.036548250265113
2013-09-03,17.63739492164487
2013-09-04,19.76868603746907
2013-09-05,18.52603270884883
2013-09-06,16.49322382467303
2013-09-07,21.029481607163895
2013-09-08,21.54976161187699
2013-09-09,18.124774949923413
2013-09-10,27.59759939908095
2013-09-11,27.276457181571818
2013-09-12,22.90057051961824
2013-09-13,14.874317190997997
2013-09-14,12.011430529044421
2013-09-15,15.387366089313067
2013-09-16,15.527368316248383
2013-09-17,13.15833720985036
2013-09-18,16.414161659007895
2013-09-19,20.62346388594321
2013-09-20,23.822799446211853
2013-09-21,18.95596833981383
2013-09-22,12.815059455638036
2013-09-23,11.843595015906683
2013-09-24,12.27666390950866
2013-09-25,14.10572169199953
2013-09-26,15.577690585601509
2013-09-27,16.10854836809238
2013-09-28,18.2499617061388
2013-09-29,18.676375044185225
2013-09-30,18.297455048898314
2013-10-01,18.58125727583363
2013-10-02,21.29339283610227
2013-10-03,19.763139507482034
2013-10-04,22.737330623306235
2013-10-05,21.519855072463766
2013-10-06,22.32015729939908
2013-10-07,12.176570637445506
2013-10-08,12.441450642158594
2013-10-09,14.267730646871687
2013-10-10,13.719699540473666
2013-10-11,13.930557322964532
2013-10-12,16.51330399434429
2013-10-13,17.85488399905738
2013-10-14,12.615352892659361
2013-10-15,12.90182178626134
2013-10-16,17.081935124307766
2013-10-17,12.59757068457641
2013-10-18,10.822117355956168
2013-10-19,9.348219582891481
2013-10-20,9.785555143160128
2013-10-21,13.761724036762109
2013-10-22,7.862959597030753
2013-10-23,5.671361823966066
2013-10-24,4.91947516201249
2013-10-25,5.550844055614469
2013-10-26,8.192479615883116
2013-10-27,6.406559620596205
2013-10-28,7.461806291975963
2013-10-29,6.121886296689054
2013-10-30,9.281077412513255
2013-10-31,16.454046306115234
2013-11-01,11.964904088606104
2013-11-02,9.300539648874748
2013-11-03,4.78761965358784
2013-11-04,6.696866324967598
2013-11-05,10.322501885236244
2013-11-06,13.154393001060445
2013-11-07,6.83371745021798
2013-11-08,4.542353010486627
2013-11-09,9.325433015199717
2013-11-10,9.078513019912808
2013-11-11,7.231593024625898
2013-11-12,0.3080063626723233
2013-11-13,-0.02002474372569729
2013-11-14,3.097499705431837
2013-11-15,7.616135265700484
2013-11-16,6.786548603746908
2013-11-17,15.025073052904443
2013-11-18,9.30093083539531
2013-11-19,3.6995663956639566
2013-11-20,2.328201955932603
2013-11-21,8.139059738423471
2013-11-22,9.60880640980323
2013-11-23,-0.29811358548368094
2013-11-24,-5.476144691881701
2013-11-25,-2.7636202427241665
2013-11-26,1.7060153175444799
2013-11-27,-1.680238011075763
2013-11-28,-3.4277135619182277
2013-11-29,-3.3043002238718038
2013-11-30,2.5612242252857316
2013-12-01,3.0498597855543776
2013-12-02,3.4784953458230237
2013-12-03,2.8671309060916697
2013-12-04,7.11021091080476
2013-12-05,12.361068693295628
2013-12-06,0.5985931424531641
2013-12-07,-3.474993519500411
2013-12-08,-5.451913514787322
2013-12-09,0.6278887121479915
2013-12-10,-6.473531283138918
2013-12-11,-4.38267350064805
2013-12-12,-8.989593495934962
2013-12-13,-2.9487357134440915
2013-12-14,-5.015655708731001
2013-12-15,-3.3547979262401317
2013-12-16,-8.337273477082595
2013-12-17,-4.665582361258394
2013-12-18,-1.0922245787675267
2013-12-19,1.1930776481677863
2013-12-20,4.108379875103099
2013-12-21,3.479237657593967
2013-12-22,3.4517621067515023
2013-12-23,1.2887310003534818
2013-12-24,-6.749300106044539
2013-12-25,-5.5039978791092246
2013-12-26,-0.4464734299516908
2013-12-27,1.2921621303169557
2013-12-28,4.398575468363379
2013-12-29,5.248322139743136
2013-12-30,-5.584153411099328
2013-12-31,-6.2238511841640145
2014-01-01,-8.001326735006481
2014-01-02,-8.303802285848947
2014-01-03,-13.80738894780252
2014-01-04,-5.539864498644986
2014-01-05,0.732104394956993
2014-01-06,-8.710371155885474
2014-01-07,10.673153293272065
2014-01-08,-12.556433368681514
2014-01-09,-12.980020030635087
2014-01-10,1.2752821963002239
2014-01-11,7.298362201013314
2014-01-12,3.702553316837516
2014-01-13,6.125633321550607
2014-01-14,2.199824437374809
2014-01-15,-0.5576511134676561
2014-01-16,-3.4751266643101215
2014-01-17,7.5488200070696365
2014-01-18,13.981255567338284
2014-01-19,-2.3738866501708493
2014-01-20,-1.0870844232355363
2014-01-21,-11.427504418522444
2014-01-22,-13.594424413809353
2014-01-23,-10.59689996465182
2014-01-24,-14.121597737716513
2014-01-25,-2.6907399552256384
2014-01-26,-11.048215506068104
2014-01-27,-9.754579945799458
2014-01-28,-17.85372216330859
2014-01-29,-13.112864380817722
2014-01-30,-7.293117709437965
2014-01-31,1.551073406386238
2014-02-01,0.09526452221043913
2014-02-02,-2.260544361965359
2014-02-03,-8.141908801696712
2014-02-04,-9.348828796983623
2014-02-05,-3.5568599033816435
2014-02-06,-9.694891009779665
2014-02-07,-13.651811005066568
2014-02-08,-10.914286555909039
2014-02-09,-6.700095440084835
2014-02-10,-7.421459879816189
2014-02-11,-9.419490986214209
2014-02-12,-13.693077648167785
2014-02-13,-5.712219865676918
2014-02-14,-1.213584305408272
2014-02-15,-8.761615411806293
2014-02-16,-6.15631318487098
2014-02-17,-11.753233180157888
2014-02-18,-2.030153175444798
2014-02-19,4.93459349593496
2014-02-20,1.5632290562036055
2014-02-21,5.367281283138919
2014-02-22,3.1874049386456598
2014-02-23,-0.9103087074348997
2014-02-24,-3.5894509249440314
2014-02-25,-5.657482031342052
2014-02-26,-10.143290915517852
2014-02-27,-8.82798868858254
2014-02-28,-13.946019794980554
2014-03-01,-1.970717568045246
2014-03-02,-9.52097089666549
2014-03-03,-13.654557558619063
2014-03-04,-10.06592199835042
2014-03-05,-4.993953104748439
2014-03-06,-7.53420643336868
2014-03-07,-3.9589042064333695
2014-03-08,2.7230646871686113
2014-03-09,-3.0816330858960774
2014-03-10,6.339919141039236
2014-03-11,7.993257082260264
2014-03-12,1.0098291504654175
2014-03-13,-9.954868622599271
2014-03-14,3.937100271002711
2014-03-15,5.355735831271357
2014-03-16,-5.737850830682222
2014-03-17,-6.739215270413576
2014-03-18,1.6216425120772948
2014-03-19,8.064246326314194
2014-03-20,4.4089136326145875
2014-03-21,1.1382436373276774
2014-03-22,4.99729586426299
2014-03-23,-4.3974019088016965
2014-03-24,-3.324321904088606
2014-03-25,-0.8634641215977377
2014-03-26,-5.542606339106868
2014-03-27,3.275235570368126
2014-03-28,11.586887003652645
2014-03-29,4.405522563921291
2014-03-30,3.3052692353010484
2014-03-31,6.335015906680805
2014-04-01,13.327460990758976
2014-04-02,6.6967314716625435
2014-04-03,4.570922587486745
2014-04-04,5.929558147755391
2014-04-05,6.66652704135737
2014-04-06,6.511829268292683
2014-04-07,6.939909273005773
2014-04-08,9.674100388829975
2014-04-09,8.7205137268764
2014-04-10,14.602482620478378
2014-04-11,12.076197545826389
2014-04-12,16.23464262990456
2014-04-13,17.31172263461765
2014-04-14,21.775913750441852
2014-04-15,0.5920493107104989
2014-04-16,1.502073759868034
2014-04-17,9.633725193152554
2014-04-18,12.856011547071992
2014-04-19,8.254508218451749
2014-04-20,10.882910445387063
2014-04-21,16.43302933898904
2014-04-22,15.121664899257686
2014-04-23,8.140300459526335
2014-04-24,9.173380464239425
2014-04-25,10.682016024508071
2014-04-26,11.240373806998939
2014-04-27,7.938176033934253
2014-04-28,12.417763975155282
2014-04-29,13.525458265582655
2014-04-30,14.083638270295749
2014-05-01,11.544996052786615
2014-05-02,12.72202050194415
2014-05-03,12.482156062212795
2014-05-04,13.434213844703667
2014-05-05,10.1750382938612
2014-05-06,11.386540520796512
2014-05-07,11.786753858842935
2014-05-08,17.824278308000473
2014-05-09,24.311802757158006
2014-05-10,17.35810498409332
2014-05-11,17.817962766584188
2014-05-12,21.442598326852835
2014-05-13,25.764567220454815
2014-05-14,16.71731389183457
2014-05-15,16.33039389654766
2014-05-16,8.805585012371864
2014-05-17,12.10644279486273
2014-05-18,13.670633910686933
2014-05-19,17.064825026511134
2014-05-20,17.835682809002
2014-05-21,21.418762813715098
2014-05-22,20.672953929539293
2014-05-23,16.706033934252385
2014-05-24,20.45022505007659
2014-05-25,22.05886061034523
2014-05-26,24.44638505950277
2014-05-27,26.21502061977142
2014-05-28,19.8181006244845
2014-05-29,18.61673618475315
2014-05-30,20.386482856132908
2014-05-31,22.69067397195711
2014-06-01,22.25486508778131
2014-06-02,26.077945092494403
2014-06-03,26.336258430540827
2014-06-04,20.393249546365027
2014-06-05,18.95829621774479
2014-06-06,19.560265111346766
2014-06-07,22.43890067161541
2014-06-08,20.375314009661835
2014-06-09,20.951882903263815
2014-06-10,21.33469624131024
2014-06-11,22.497731801578887
2014-06-12,23.304889584069752
2014-06-13,21.748514033227288
2014-06-14,16.792216260162604
2014-06-15,20.425807375986803
2014-06-16,27.716554047366564
2014-06-17,27.831011829857427
2014-06-18,22.844769612348294
2014-06-19,22.665827394839166
2014-06-20,20.528318510663368
2014-06-21,22.09103184870979
2014-06-22,23.342411853422885
2014-06-23,24.43009185813597
2014-06-24,25.192994085071287
2014-06-25,22.048229645339934
2014-06-26,21.79705409449747
2014-06-27,23.14650076587722
2014-06-28,26.00995854836809
2014-06-29,28.237894108636738
2014-06-30,28.259907446683165
2014-07-01,27.687854118062923
2014-07-02,26.767689678331564
2014-07-03,21.297680794155767
2014-07-04,21.198727465535526
2014-07-05,22.939585248026397
2014-07-06,24.952665252739486
2014-07-07,27.736856368563682
2014-07-08,24.91720303994344
2014-07-09,23.12523860021209
2014-07-10,23.359429716036296
2014-07-11,23.459843054082715
2014-07-12,27.181145281018026
2014-07-13,27.744225285731112
2014-07-14,25.471083068221986
2014-07-15,22.87594085071286
2014-07-16,17.749020855425943
2014-07-17,21.86765641569459
2014-07-18,22.566291975963235
2014-07-19,22.810483091787443
2014-07-20,23.14245198538942
2014-07-21,25.42553199010251
2014-07-22,27.109723105926715
2014-07-23,24.925025332862027
2014-07-24,21.57593867090845
2014-07-25,21.70068534228821
2014-07-26,24.28093201366796
2014-07-27,26.04067868504772
2014-07-28,20.630980911983034
2014-07-29,18.4268386944739
2014-07-30,20.957496476964767
2014-07-31,20.987443148344525
2014-08-01,23.98085648639095
2014-08-02,24.323703157770712
2014-08-03,24.732538718039354
2014-08-04,25.888640944974664
2014-08-05,23.015065394132204
2014-08-06,22.479256509956404
2014-08-07,22.56825873689172
2014-08-08,22.045172074938144
2014-08-09,22.423329857429007
2014-08-10,23.837854306586546
2014-08-11,24.40876764463297
2014-08-12,23.38223653823495
2014-08-13,20.11892765405915
2014-08-14,18.80989654766113
2014-08-15,18.322643219040888
2014-08-16,21.212001001531753
2014-08-17,22.95369211735596
2014-08-18,21.419438788735718
2014-08-19,24.36007434900436
2014-08-20,25.55004324260634
2014-08-21,24.7607899139861
2014-08-22,24.60720325203252
2014-08-23,24.09128325674561
2014-08-24,24.32375215034759
2014-08-25,26.123721043949573
2014-08-26,28.00902327088489
2014-08-27,23.17238105337575
2014-08-28,20.897738835866615
2014-08-29,22.140041062801934
2014-08-30,27.040121067515024
2014-08-31,25.625645516672556
2014-09-01,26.440336632496763
2014-09-02,23.82291663720985
2014-09-03,23.59599664192294
2014-09-04,26.530076646636033
2014-09-05,28.47332331801579
2014-09-06,22.352736656062213
2014-09-07,20.401149994108636
2014-09-08,21.31778555437728
2014-09-09,23.824087781312596
2014-09-10,25.104390008247908
2014-09-11,19.169081124072108
2014-09-12,15.440883351007422
2014-09-13,15.891685577942734
2014-09-14,13.121543360433606
2014-09-15,16.09467892070225
2014-09-16,16.022481147637563
2014-09-17,15.12322781901732
2014-09-18,16.561030045952634
2014-09-19,13.207110050665722
2014-09-20,20.296967833156593
2014-09-21,21.208881171203014
2014-09-22,13.357405620360552
2014-09-23,15.636985625073642
2014-09-24,18.3602322964534
2014-09-25,19.952923412277606
2014-09-26,18.58500341699069
2014-09-27,19.333305643926007
2014-09-28,19.836941204194652
2014-09-29,20.219910097796628
2014-09-30,17.114267880287496
2014-10-01,17.0244589961117
2014-10-02,20.791205667491454
2014-10-03,22.39723011664899
2014-10-04,11.443643454695415
2014-10-05,12.490279014964065
2014-10-06,15.4318034641216
2014-10-07,15.203883468834688
2014-10-08,14.482685695770002
2014-10-09,12.415710144927536
2014-10-10,11.139067927418404
2014-10-11,11.254370154353715
2014-10-12,11.904005714622363
2014-10-13,19.32030794155768
2014-10-14,21.727054612937433
2014-10-15,18.213634617650523
2014-10-16,16.753214622363615
2014-10-17,16.813794627076707
2014-10-18,12.807596854012019
2014-10-19,8.393565747613998
2014-10-20,13.49003464121598
2014-10-21,12.438447979262401
2014-10-22,12.01441687286438
2014-10-23,9.892385766466361
2014-10-24,10.900132437846118
2014-10-25,15.24082355367032
2014-10-26,12.666514669494521
2014-10-27,11.69326134087428
2014-10-28,20.24406356780959
2014-10-29,12.431588016967128
2014-10-30,8.529279132791327
2014-10-31,10.217025804171085
2014-11-01,8.088661364439732
2014-11-02,5.147852480263934
2014-11-03,8.94159915164369
2014-11-04,14.599623600801227
2014-11-05,12.044759161069873
2014-11-06,11.021616943560739
2014-11-07,6.303641392718276
2014-11-08,8.469999175209143
2014-11-09,6.487690291033346
2014-11-10,9.986603629079768
2014-11-11,14.144239189348419
2014-11-12,4.995152527394839
2014-11-13,3.339399198774597
2014-11-14,0.9510347590432433
2014-11-15,-0.6745519029103333
2014-11-16,2.365028101802757
2014-11-17,2.546219217626959
2014-11-18,-2.1683118887710613
2014-11-19,-2.411565217391302
2014-11-20,0.9125147873217863
2014-11-21,-4.834960763520679
2014-11-22,3.9615636856368566
2014-11-23,10.727088134794391
2014-11-24,15.914612583951927
2014-11-25,3.8218036997761287
2014-11-26,1.0085503711558856
2014-11-27,2.3571859314245325
2014-11-28,-3.215900730529044
2014-11-29,5.730957051961823
2014-11-30,15.256148167786026
2014-12-01,2.3023392836102277
2014-12-02,-0.17130293389890383
2014-12-03,4.883888181925298
2014-12-04,-0.7487540355838345
2014-12-05,3.890548191351479
2014-12-06,5.246572640509013
2014-12-07,0.13987486744432687
2014-12-08,5.8998993166018625
2014-12-09,5.787423765759397
2014-12-10,4.915670437139154
2014-12-11,0.0008615529633555497
2014-12-12,2.218219335454224
2014-12-13,5.044577117945093
2014-12-14,8.653268233769294
2014-12-15,9.667626016260163
2014-12-16,9.014317132084365
2014-12-17,4.939230470130788
2014-12-18,2.5642549192883237
2014-12-19,-0.5314428537763636
2014-12-20,-2.011862849063273
2014-12-21,-1.1666717332390713
2014-12-22,0.7314082714740189
2014-12-23,8.51409938729822
2014-12-24,9.379346058677978
2014-12-25,6.767314952279959
2014-12-26,4.984894956993049
2014-12-27,8.195974961706138
2014-12-28,5.395610521974785
2014-12-29,-0.7548094733121244
2014-12-30,-4.9213961352657
2014-12-31,-6.0042050194415
2015-01-01,-2.3601805702839638
2015-01-02,0.8604549899846825
2015-01-03,2.453312772475551
2015-01-04,5.630170554966419
2015-01-05,-7.140971662542714
2015-01-06,-8.723502768940733
2015-01-07,-9.044644986449864
2015-01-08,-8.87634275951455
2015-01-09,-5.559040532579239
2015-01-10,-8.89229386119948
2015-01-11,-4.641102745375279
2015-01-12,0.8628661482266997
2015-01-13,-11.128109402615763
2015-01-14,-15.754251620124895
2015-01-15,-11.197004948745139
2015-01-16,-0.7968693884764937
2015-01-17,-4.611122717096734
2015-01-18,6.201568398727466
2015-01-19,0.15614840344055736
2015-01-20,-0.24793825851301943
2015-01-21,-2.2991915871332633
2015-01-22,-1.0263338046423947
2015-01-23,-1.9453093554848593
2015-01-24,-1.6463960174384349
2015-01-25,-0.035482679392011995
2015-01-26,-7.100513785790032
2015-01-27,-8.215989336632497
2015-01-28,-8.921687109697185
2015-01-29,0.7302817839047955
2015-01-30,-5.06019376693767
2015-01-31,-5.809113762224577
2015-02-01,-2.0194782019559314
2015-02-02,-5.777453752798399
2015-02-03,-9.42409597030753
2015-02-04,2.0652618121833397
2015-02-05,-11.77238040532579
2015-02-06,-4.764744845057147
2015-02-07,-0.5379426181218339
2015-02-08,6.233526275480147
2015-02-09,-4.125227053140097
2015-02-10,-6.339313715093672
2015-02-11,-2.9029003770472475
2015-02-12,-7.422709261223048
2015-02-13,-14.364907034287736
2015-02-14,-3.186938140685756
2015-02-15,-17.13330258041711
2015-02-16,-19.08016702014846
2015-02-17,-16.275087015435368
2015-02-18,-10.883340344055615
2015-02-19,-16.737260339342523
2015-02-20,-20.568680334629427
2015-02-21,-4.705600329916342
2015-02-22,-3.568798102981031
2015-02-23,-16.908051431601272
2015-02-24,-11.210860315777069
2015-02-25,-8.455835866619537
2015-02-26,-10.535700306350892
2015-02-27,-14.983009190526689
2015-02-28,-12.836540296924714
2015-03-01,-5.039793625544949
2015-03-02,-3.4712691763874153
2015-03-03,-2.5655780605632144
2015-03-04,1.0086686108165432
2015-03-05,-9.477084717803699
2015-03-06,-11.62422693531283
2015-03-07,-0.85803581948863
2015-03-08,-0.6427335925533173
2015-03-09,1.5444019677153298
2015-03-10,3.36498197242842
2015-03-11,7.067284199363733
2015-03-12,2.311475315187935
2015-03-13,4.109166431012136
2015-03-14,10.71357976905856
2015-03-15,5.881937551549428
2015-03-16,12.295684222929186
2015-03-17,7.612208672086721
2015-03-18,2.859177565688701
2015-03-19,2.016090903735125
2015-03-20,5.308448686225993
2015-03-21,10.211473135383528
2015-03-22,-0.5876135265700473
2015-03-23,-0.4766446329680676
2015-03-24,-0.7049535171438679
2015-03-25,8.528237598680334
2015-03-26,6.38676204783787
2015-03-27,-0.04488016967126196
2015-03-28,-1.911911276069282
2015-03-29,0.7869465064215868
2015-03-30,9.049415400023566
2015-03-31,5.487662071403323
2015-04-01,6.709242076116413
2015-04-02,13.41526652527395
2015-04-03,11.34995764109815
2015-04-04,2.657982090255686
2015-04-05,8.896117650524332
2015-04-06,10.614253210792977
2015-04-07,9.20994432661718
2015-04-08,10.551357664663604
2015-04-09,10.343771002710028
2015-04-10,14.848739896312008
2015-04-11,10.070819901025096
2015-04-12,11.96323323907152
2015-04-13,17.874479910451278
2015-04-14,13.5283932484977
2015-04-15,12.802417697655237
2015-04-16,14.534553257923884
2015-04-17,16.415466595970305
2015-04-18,17.019491045127843
2015-04-19,14.017404383174267
2015-04-20,18.280651054554024
2015-04-21,11.375786614822669
2015-04-22,9.453033286202428
2015-04-23,7.198835513137741
2015-04-24,6.56280440673972
2015-04-25,9.385217744786143
2015-04-26,10.31885330505479
2015-04-27,10.17032219865677
2015-04-28,11.494513314480972
2015-04-29,13.159482208082952
2015-04-30,13.312895546129376
2015-05-01,16.119308884175798
2015-05-02,16.97188888888889
2015-05-03,21.036802226935315
2015-05-04,22.85116000942618
2015-05-05,16.930684458583716
2015-05-06,17.344708907741254
2015-05-07,20.44706669023212
2015-05-08,24.759424472722987
2015-05-09,22.94683781076941
2015-05-10,20.590140037704728
2015-05-11,24.314164486862257
2015-05-12,16.972966713797575
2015-05-13,13.081546718510666
2015-05-14,12.495904501001533
2015-05-15,15.645484505714622
2015-05-16,20.633564510427714
2015-05-17,23.207644515140807
2015-05-18,27.489057853187234
2015-05-19,17.911304524566983
2015-05-20,12.222884529280076
2015-05-21,17.048853422882054
2015-05-22,15.80337787203959
2015-05-23,15.229957876752682
2015-05-24,22.077315659243553
2015-05-25,25.11461788617886
2015-05-26,26.18947566866973
2015-05-27,26.132389006716156
2015-05-28,22.820302344762577
2015-05-29,24.06227123836456
2015-05-30,27.789129020855423
2015-05-31,15.517653470012961
2015-06-01,15.088733474726052
2015-06-02,17.120924590550253
2015-06-03,18.74561570637446
2015-06-04,22.279251266643097
2015-06-05,23.507720160245082
2015-06-06,20.32668905384706
2015-06-07,21.033435725226816
2015-06-08,24.220293507717685
2015-06-09,22.269484623541885
2015-06-10,25.616731294921642
2015-06-11,23.776977966301402
2015-06-12,24.78761352657005
2015-06-13,20.19952686461647
2015-06-14,23.45416242488512
2015-06-15,25.825909096264876
2015-06-16,25.31810021208908
2015-06-17,22.336013550135505
2015-06-18,25.345371332626367
2015-06-19,21.235284670672794
2015-06-20,21.35503134205255
2015-06-21,24.93338912454342
2015-06-22,26.3278580181454
2015-06-23,25.524882467302934
2015-06-24,22.475573583127137
2015-06-25,24.06615358784023
2015-06-26,24.323000259219988
2015-06-27,20.1947024861553
2015-06-28,23.002226935312834
2015-06-29,24.635306940025924
2015-06-30,24.082831389183458
2015-07-01,23.517800282785437
2015-07-02,22.931213620831862
2015-07-03,21.198738069989393
2015-07-04,23.89737363025804
2015-07-05,25.960453634971138
2015-07-06,25.72353363968422
2015-07-07,28.97994697773065
2015-07-08,21.02302698244374
2015-07-09,22.74610698715683
2015-07-10,24.219186991869922
2015-07-11,26.65560032991634
2015-07-12,26.85200255685166
2015-07-13,25.689538117120303
2015-07-14,28.09150701072228
2015-07-15,22.249031459879816
2015-07-16,22.301000353481797
2015-07-17,26.930747024861553
2015-07-18,30.54049369624131
2015-07-19,31.268018145398845
2015-07-20,27.101098150111937
2015-07-21,27.919733710380584
2015-07-22,25.288369270649227
2015-07-23,26.110338164251207
2015-07-24,28.474529280075412
2015-07-25,29.629831507010728
2015-07-26,28.887355956168257
2015-07-27,28.934880405325796
2015-07-28,29.89796041003888
2015-07-29,30.294373748085306
2015-07-30,28.405231530576174
2015-07-31,28.94053375751149
2015-08-01,26.9158359844468
2015-08-02,27.882249322493227
2015-08-03,26.183107104984096
2015-08-04,25.92285377636385
2015-08-05,24.582600447743605
2015-08-06,23.85790267467892
2015-08-07,24.565427123836454
2015-08-08,25.338507128549544
2015-08-09,27.042698244373753
2015-08-10,27.834667137975725
2015-08-11,26.85885825379993
2015-08-12,24.204160480735244
2015-08-13,25.87168492989278
2015-08-14,29.109209379050313
2015-08-15,27.1822893837634
2015-08-16,29.13425827736538
2015-08-17,30.517693837634035
2015-08-18,28.620418286791562
2015-08-19,30.10905384706021
2015-08-20,24.896578296217744
2015-08-21,23.781880523153056
2015-08-22,24.582027194532817
2015-08-23,25.73915164369035
2015-08-24,23.27556498173678
2015-08-25,21.17420054200542
2015-08-26,21.47728054671851
2015-08-27,21.065916106987157
2015-08-28,21.31344055614469
2015-08-29,25.299853894191113
2015-08-30,27.03737834334865
2015-08-31,27.232680570283964
2015-09-01,28.57568279721928
2015-09-02,29.783462801932373
2015-09-03,29.716365028867678
2015-09-04,27.491667255802998
2015-09-05,27.766969482738304
2015-09-06,29.057827265229175
2015-09-07,30.782018381053376
2015-09-08,30.528431719099803
2015-09-09,27.35151172381289
2015-09-10,22.960147284081536
2015-09-11,23.251005066572407
2015-09-12,18.7340850712855
2015-09-13,17.5482761871097
2015-09-14,19.89024508071168
2015-09-15,24.899991752091438
2015-09-16,24.824305090137855
2015-09-17,24.87837398373984
2015-09-18,25.738120655119594
2015-09-19,26.09786732649935
2015-09-20,19.185391775656885
2015-09-21,20.59102733592553
2015-09-22,20.34516289619418
2015-09-23,21.410187345351716
2015-09-24,22.901778461175915
2015-09-25,23.977580688111228
2015-09-26,24.1573384706021
2015-09-27,23.732029586426297
2015-09-28,26.410065146694944
2015-09-29,25.44510070696359
2015-09-30,19.482558489454462
2015-10-01,15.965227383056439
2015-10-02,15.709251832213976
2015-10-03,14.7346651702604
2015-10-04,17.184411841640156
2015-10-05,20.969058513019913
2015-10-06,20.228738517733003
2015-10-07,20.66849630022387
2015-10-08,18.477676304936963
2015-10-09,21.54713408742783
2015-10-10,15.374547425474255
2015-10-11,19.16024965240957
2015-10-12,21.485907434900437
2015-10-13,18.534009661835746
2015-10-14,16.879911888771062
2015-10-15,16.43626967126193
2015-10-16,13.836571898197244
2015-10-17,8.640274125132557
2015-10-18,9.75078746317898
2015-10-19,12.486400801225404
2015-10-20,22.137769694827384
2015-10-21,19.440894143984917
2015-10-22,21.409507482031344
2015-10-23,14.127376375633322
2015-10-24,19.805723047013082
2015-10-25,15.03652527394839
2015-10-26,12.686660834217038
2015-10-27,15.239596394485686
2015-10-28,18.260498621420997
2015-10-29,10.773711959467422
2015-10-30,12.95525863084718
2015-10-31,13.119538635560271
2015-11-01,17.765651973606694
2015-11-02,13.156531978319784
2015-11-03,17.39234531636621
2015-11-04,17.003769765523742
2015-11-05,20.823016436903497
2015-11-06,22.609151997172145
2015-11-07,14.327487557440794
2015-11-08,9.127912006598327
2015-11-09,8.686492011311419
2015-11-10,13.082572016024509
2015-11-11,10.728140909626488
2015-11-12,16.23133202545069
2015-11-13,12.12911203016378
2015-11-14,10.142536479321315
2015-11-15,14.277905372923296
2015-11-16,12.209574266525273
2015-11-17,15.560298715682809
2015-11-18,20.7105787203959
2015-11-19,17.707736502886767
2015-11-20,8.455438729822081
2015-11-21,7.249940956757394
2015-11-22,3.063054294803818
2015-11-23,2.541123188405798
2015-11-24,4.424836526452221
2015-11-25,7.717683197831978
2015-11-26,14.864263202545072
2015-11-27,19.10524320725816
2015-11-28,7.801767656415695
2015-11-29,2.533947661128786
2015-11-30,6.453005443619654
2015-12-01,11.820463226110522
2015-12-02,5.880876564156946
2015-12-03,8.299512124425593
2015-12-04,8.422458795805351
2015-12-05,5.23383880051844
2015-12-06,6.255285471898198
2015-12-07,5.282143254389066
2015-12-08,9.024501036879933
2015-12-09,11.098581041593025
2015-12-10,10.519349935195004
2015-12-11,14.379341051019207
2015-12-12,15.108909944621187
2015-12-13,18.519289949334276
2015-12-14,20.062581065158476
2015-12-15,13.220905514316012
2015-12-16,11.982285519029105
2015-12-17,9.41830996818664
2015-12-18,6.333089972899729
2015-12-19,3.3062144220572645
2015-12-20,3.4011388712147994
2015-12-21,11.015274431483444
2015-12-22,16.177821102863206
2015-12-23,14.013723329798516
2015-12-24,14.432636667844937
2015-12-25,11.677238894780253
2015-12-26,8.293963343937788
2015-12-27,10.21995445976199
2015-12-28,4.90513446447508
2015-12-29,10.955903358077059
2015-12-30,7.173672251679038
2015-12-31,6.122907811947685
2016-01-01,3.8058655944385538
2016-01-02,5.169901154707199
2016-01-03,6.880547826086957
2016-01-04,1.799416719688936
2016-01-05,-2.931614386709084
2016-01-06,0.9224989513373396
2016-01-07,5.058178956050431
2016-01-08,6.49824784965241
2016-01-09,12.461372298809945
2016-01-10,7.73449674796748
2016-01-11,-4.728778802874985
2016-01-12,1.2509123129492172
2016-01-13,-3.832707682337693
2016-01-14,1.599072322375398
2016-01-15,7.0153634381996
2016-01-16,6.126710109579357
2016-01-17,0.5089234476257793
2016-01-18,-5.451529880994463
2016-01-19,-5.339905431836928
2016-01-20,-2.969247649346059
2016-01-21,-0.8112787557440795
2016-01-22,1.6635345823023453
2016-01-23,1.9111590314598805
2016-01-24,1.5284723695063045
2016-01-25,4.626963485330506
2016-01-26,10.628921267821376
2016-01-27,5.497567939201131
2016-01-28,6.077159055025334
2016-01-29,2.464427948627313
2016-01-30,6.931707953340403
2016-01-31,10.706776846942383
2016-02-01,9.066756851655473
2016-02-02,6.007647967479675
2016-02-03,17.667627972192765
2016-02-04,6.652141310239189
2016-02-05,2.299754648285613
2016-02-06,4.516845764109816
2016-02-07,7.629925768822906
2016-02-08,9.529672440202663
2016-02-09,5.707196889360198
2016-02-10,0.32996578296217827
2016-02-11,-4.499309767880287
2016-02-12,-2.154907540944973
2016-02-13,-8.033194202898551
2016-02-14,-7.855180864852126
2016-02-15,0.2401213620831859
2016-02-16,4.698212477907388
2016-02-17,4.644181371509367
2016-02-18,-3.208916401555321
2016-02-19,9.490685825379995
2016-02-20,15.308799163426416
2016-02-21,9.51291250147284
2016-02-22,5.6703036172970425
2016-02-23,4.643661399787911
2016-02-24,6.617830293389891
2016-02-25,6.14769918699187
2016-02-26,2.6836014139271827
2016-02-27,5.552559196418051
2016-02-28,12.14040586779781
2016-02-29,7.729019205844233
2016-03-01,3.1924214327795455
2016-03-02,-0.35863189584069666
2016-03-03,1.7168258866501702
2016-03-04,3.65179478025215
2016-03-05,4.8258414516319075
2016-03-06,4.340143678567221
2016-03-07,11.740079238835868
2016-03-08,17.306370354660068
2016-03-09,20.35438369270649
2016-03-10,19.64114147519736
2016-03-11,11.137643702132673
2016-03-12,9.485923706845764
2016-03-13,14.02165926711441
2016-03-14,15.534139271827499
2016-03-15,15.720030387651704
2016-03-16,16.483432614587016
2016-03-17,15.205179285966773
2016-03-18,10.221837068457642
2016-03-19,5.6428170731707326
2016-03-20,6.1191304112171565
2016-03-21,7.13744374926358
2016-03-22,10.923457087310004
2016-03-23,12.963670425356428
2016-03-24,11.228239318958408
2016-03-25,5.9586415458937205
2016-03-26,6.8567104394957
2016-03-27,11.18469044420879
2016-03-28,13.204781560032991
2016-03-29,9.673428231412748
2016-03-30,11.00459712501473
2016-03-31,19.470499351950043
2016-04-01,13.711712689996466
2016-04-02,8.791170472487334
2016-04-03,3.4574393660893135
2016-04-04,5.47387492635796
2016-04-05,3.5292215977377173
2016-04-06,10.477201602450808
2016-04-07,11.095837162719453
2016-04-08,7.038917167432544
2016-04-09,4.999141616590079
2016-04-10,5.9351216213031694
2016-04-11,17.12156829268293
2016-04-12,9.488337186284907
2016-04-13,10.69013941322022
2016-04-14,11.768508306822199
2016-04-15,13.8601994226464
2016-04-16,18.891334982915044
2016-04-17,19.701781654294805
2016-04-18,22.227494992341228
2016-04-19,16.41057499705432
2016-04-20,17.389210557322965
2016-04-21,18.237846117591612
2016-04-22,19.164259455638035
2016-04-23,13.50337279368446
2016-04-24,15.065975020619774
2016-04-25,19.56815502533286
2016-04-26,17.190546141157068
2016-04-27,14.326748368092375
2016-04-28,12.897183928361024
2016-04-29,13.665819488629669
2016-04-30,15.49001060445387
2016-05-01,15.950868386944741
2016-05-02,15.290615058324498
2016-05-03,17.000361729704252
2016-05-04,19.132330623306235
2016-05-05,18.214299516908213
2016-05-06,20.136268410510194
2016-05-07,22.491570637445506
2016-05-08,18.02909508660304
2016-05-09,17.434397313538355
2016-05-10,17.730810651584775
2016-05-11,20.632779545186757
2016-05-12,23.434748438788738
2016-05-13,21.698939554612938
2016-05-14,15.77646400377047
2016-05-15,11.512877341816896
2016-05-16,16.88040179097443
2016-05-17,18.78348179568752
2016-05-18,18.509895133733945
2016-05-19,19.840752916224815
2016-05-20,21.11716625427124
2016-05-21,22.720246258984332
2016-05-22,23.55999293036409
2016-05-23,21.229739601743848
2016-05-24,25.33217516201249
2016-05-25,28.889488500058913
2016-05-26,29.882168504772004
2016-05-27,29.866048509485093
2016-05-28,30.719817403087074
2016-05-29,30.093597407800168
2016-05-30,28.454288523624367
2016-05-31,28.272835195004124
2016-06-01,26.27282631082833
2016-06-02,28.37101742665253
2016-06-03,26.364730764698955
2016-06-04,27.720032991634262
2016-06-05,26.517557440791798
2016-06-06,27.16841522328267
2016-06-07,21.859273005773534
2016-06-08,19.40679745493107
2016-06-09,21.16876634853305
2016-06-10,27.90295746435725
2016-06-11,32.816037469070345
2016-06-12,26.303561918227885
2016-06-13,23.135530811829856
2016-06-14,24.598610816542948
2016-06-15,25.78391304347826
2016-06-16,26.966993048191352
2016-06-17,29.817850830682225
2016-06-18,30.557597502061977
2016-06-19,31.157344173441736
2016-06-20,33.28709084482149
2016-06-21,28.570170849534584
2016-06-22,28.36769529869212
2016-06-23,26.820775303405206
2016-06-24,27.052744197007186
2016-06-25,28.86582420172028
2016-06-26,31.937793095322263
2016-06-27,33.04087310003535
2016-06-28,26.840619771415106
2016-06-29,24.738144220572643
2016-06-30,27.106779780841293
2016-07-01,26.22541534110993
2016-07-02,24.13516201248969
2016-07-03,26.856019794980558
2016-07-04,27.23132202191587
2016-07-05,31.3277353599623
2016-07-06,31.998593142453167
2016-07-07,32.15833981383292
2016-07-08,30.625864262990454
2016-07-09,27.504499823259103
2016-07-10,29.125357605749972
2016-07-11,31.29621538824084
2016-07-12,32.80100650406504
2016-07-13,32.51437539766702
2016-07-14,30.289566513491224
2016-07-15,29.887535407093203
2016-07-16,26.412504300695176
2016-07-17,27.818806527630493
2016-07-18,29.624330976788034
2016-07-19,31.292188759278893
2016-07-20,31.297490986214207
2016-07-21,32.953682102038414
2016-07-22,34.676762106751504
2016-07-23,33.83984211146459
2016-07-24,31.982922116177683
2016-07-25,33.62155767644633
2016-07-26,30.784637681159417
2016-07-27,32.19216213031695
2016-07-28,30.94857546836338
2016-07-29,30.962766584187577
2016-07-30,28.430291033345114
2016-07-31,29.241148815835984
2016-08-01,29.95200659832685
2016-08-02,31.156197714151055
2016-08-03,31.867055496641925
2016-08-04,33.18569105691057
2016-08-05,33.68432661717922
2016-08-06,31.296295510781196
2016-08-07,30.782708848827617
2016-08-08,29.43134440909627
2016-08-09,31.59675774714269
2016-08-10,34.49639330741134
2016-08-11,35.43836220101332
2016-08-12,35.73810887239307
2016-08-13,33.556744432661716
2016-08-14,30.949824437374808
2016-08-15,29.81512666431012
2016-08-16,30.900428891245433
2016-08-17,31.12350889595853
2016-08-18,31.0443666784494
2016-08-19,32.14522446094026
2016-08-20,31.878304465653354
2016-08-21,27.943606692588666
2016-08-22,25.920020030635094
2016-08-23,27.6453222575704
2016-08-24,29.68506892895016
2016-08-25,32.00592671144103
2016-08-26,29.446784493931894
2016-08-27,31.518753387533874
2016-08-28,31.888500058913635
2016-08-29,30.082691174737835
2016-08-30,30.386882290562035
2016-08-31,30.40551785083068
2016-09-01,26.41193118887711
2016-09-02,25.196122304701312
2016-09-03,24.985868976081058
2016-09-04,25.74450453634971
2016-09-05,27.817584541062804
2016-09-06,32.37622010133145
2016-09-07,34.273744550488985
2016-09-08,33.20015788853541
2016-09-09,29.693237893248497
2016-09-10,29.97631789796159
2016-09-11,24.194953458230238
2016-09-12,24.40247790738777
2016-09-13,25.996669023211968
2016-09-14,26.304193472369505
2016-09-15,23.58171792152704
2016-09-16,24.865909037351244
2016-09-17,28.18676681984211
2016-09-18,27.82403571344409
2016-09-19,27.77626016260163
2016-09-20,29.149595722870274
2016-09-21,26.791975727583363
2016-09-22,30.2755001767409
2016-09-23,30.409691292565096
2016-09-24,24.876104630611525
2016-09-25,23.34362907976906
2016-09-26,24.744486862259933
2016-09-27,22.53078908919524
2016-09-28,21.67398020501944
2016-09-29,23.404837987510312
2016-09-30,23.19680688111229
2016-10-01,23.75655355249205
2016-10-02,21.825189112760693
2016-10-03,21.19049133969601
2016-10-04,24.129126899964653
2016-10-05,26.838540238011078
2016-10-06,27.546286909390837
2016-10-07,26.464589136326147
2016-10-08,19.133335807705905
2016-10-09,16.779849145752326
2016-10-10,15.862740261576528
2016-10-11,20.767909155178508
2016-10-12,21.836878048780488
2016-10-13,17.67606916460469
2016-10-14,16.450915835984446
2016-10-15,19.882240285141982
2016-10-16,27.65485362318841
2016-10-17,26.069833627901495
2016-10-18,30.44113585483681
2016-10-19,21.899460303994346
2016-10-20,20.237429197596324
2016-10-21,18.427431424531637
2016-10-22,14.114678095911394
2016-10-23,15.836424767291152
2016-10-24,15.64839366089313
2016-10-25,13.946806998939556
2016-10-26,11.923553670319311
2016-10-27,17.25207811947685
2016-10-28,11.425824790856604
2016-10-29,25.424571462236365
2016-10-30,17.75320702250501
2016-10-31,13.204064804995877
2016-11-01,21.941478143042303
2016-11-02,22.850669258866503
2016-11-03,20.10374926357959
2016-11-04,16.05349593495935
2016-11-05,16.539909273005772
2016-11-06,16.406322611052197
2016-11-07,15.41162483798751
2016-11-08,16.579149287145043
2016-11-09,15.307784847413691
2016-11-10,14.010864852126783
2016-11-11,16.637278190173205
2016-11-12,8.53258041710852
2016-11-13,11.768993755154943
2016-11-14,11.840962648756923
2016-11-15,13.187375986803346
2016-11-16,16.71267821373866
2016-11-17,13.760202662896194
2016-11-18,21.451060445387064
2016-11-19,13.05969600565571
2016-11-20,8.178331565924355
2016-11-21,6.044744903970781
2016-11-22,5.116713797572759
2016-11-23,8.617571580063627
2016-11-24,12.680418251443385
2016-11-25,12.292620478378698
2016-11-26,11.824589371980677
2016-11-27,9.146558265582655
2016-11-28,13.204082714740192
2016-11-29,18.721607163897723
2016-11-30,15.409131613055262
2016-12-01,10.874433839990575
2016-12-02,11.465024955814776
2016-12-03,10.166149404972312
2016-12-04,10.101740520796513
2016-12-05,10.641198303287382
2016-12-06,10.188478308000471
2016-12-07,8.28664720160245
2016-12-08,6.032660539648876
2016-12-09,5.5156849888064095
2016-12-10,3.6277094379639463
2016-12-11,4.149678331565923
2016-12-12,8.86720278072346
2016-12-13,1.1369494521032193
2016-12-14,-3.0921927654059136
2016-12-15,-5.132446094026157
2016-12-16,-4.276977200424179
2016-12-17,3.7981583598444697
2016-12-18,1.4163828090020045
2016-12-19,-6.179014964062683
2016-12-20,-1.315934959349594
2016-12-21,3.024922823141276
2016-12-22,10.030225050076588
2016-12-23,5.289971721456345
2016-12-24,10.313051726169435
2016-12-25,9.465020619771416
2016-12-26,12.389211735595616
2016-12-27,8.058958406975375
2016-12-28,7.045371745021798
2016-12-29,10.322896194179334
2016-12-30,6.621531754447981
2016-12-31,9.905722870272182
2017-01-01,5.671025097207495
2017-01-02,6.96966065747614
2017-01-03,12.134962884411454
2017-01-04,5.285820666902321
2017-01-05,0.15778956050430004
2017-01-06,-4.25135265700483
2017-01-07,-5.432717096736187
2017-01-08,-4.130748203134203
2017-01-09,0.766776246023329
2017-01-10,7.924300695180865
2017-01-11,7.954047366560624
2017-01-12,10.228238482384825
2017-01-13,2.192429598209026
2017-01-14,3.756620714033228
2017-01-15,2.027478496524096
2017-01-16,3.7050029456816302
2017-01-17,9.858082950394722
2017-01-18,11.110051843996702
2017-01-19,9.152020737598681
2017-01-20,9.528434075645105
2017-01-21,13.472625191469305
2017-01-22,13.252371862849065
2017-01-23,13.065451867562155
2017-01-24,11.3430874278308
2017-01-25,9.551500765877226
2017-01-26,10.52024743725698
2017-01-27,8.375549664192295
2017-01-28,6.051963002238718
2017-01-29,5.425043006951809
2017-01-30,1.2636785672204542
2017-01-31,6.157869683044657
2017-02-01,7.786505243313304
2017-02-02,2.2951408035819494
2017-02-03,-1.1251125250382934
2017-02-04,-1.3564769647696462
2017-02-05,7.548825262165665
2017-02-06,4.197460822434312
2017-02-07,9.710540827147401
2017-02-08,8.97028749852716
2017-02-09,1.6633675032402495
2017-02-10,2.0464475079533413
2017-02-11,10.541749734888654
2017-02-12,10.159274184046188
2017-02-13,8.249020855425947
2017-02-14,7.891100860139036
2017-02-15,6.263736420407683
2017-02-16,1.839705314009663
2017-02-17,5.821118652056086
2017-02-18,15.12664310121362
2017-02-19,10.847945328148933
2017-02-20,9.50558088841758
2017-02-21,14.730416448686226
2017-02-22,16.888963120065984
2017-02-23,22.352043124779073
2017-02-24,13.837345351714387
2017-02-25,12.087092023094144
2017-02-26,5.370172027807234
2017-02-27,10.849918699186993
2017-02-28,13.289665370566752
2017-03-01,19.61163426416873
2017-03-02,5.435825379992931
2017-03-03,3.1689053847060205
2017-03-04,1.771985389419112
2017-03-05,6.128398727465537
2017-03-06,16.42258984328974
2017-03-07,21.65900318133616
2017-03-08,14.408749852715918
2017-03-09,11.007385412984565
2017-03-10,6.281576528808766
2017-03-11,0.6124343112996353
2017-03-12,2.1310698715682816
2017-03-13,3.567105431836927
2017-03-14,1.5805632143277952
2017-03-15,1.0907876634853322
2017-03-16,4.606723223753978
2017-03-17,6.95202545068929
2017-03-18,9.920661010957936
2017-03-19,10.589296571226583
2017-03-20,11.565709909273005
2017-03-21,14.09583435843054
2017-03-22,4.031869918699186
2017-03-23,5.480505478967833
2017-03-24,17.85469659479204
2017-03-25,14.093332155060681
2017-03-26,13.529745493107106
2017-03-27,20.040603275597974
2017-03-28,14.927016613644398
2017-03-29,12.257874396135268
2017-03-30,12.428732178626134
2017-03-31,12.528478850005893
2017-04-01,12.69933663249676
2017-04-02,14.694638859432073
2017-04-03,17.451052197478496
2017-04-04,20.176354424413812
2017-04-05,14.602767762460235
2017-04-06,13.18140332272888
2017-04-07,11.633683327441972
2017-04-08,13.404229998821727
2017-04-09,19.97842111464593
2017-04-10,26.23150111935902
2017-04-11,23.35235890184989
2017-04-12,16.553216684340757
2017-04-13,15.596952244609401
2017-04-14,17.909376693766937
2017-04-15,21.60690114292447
2017-04-16,28.23887003652645
2017-04-17,20.175283374572878
2017-04-18,16.13280782373041
2017-04-19,24.785887828443503
2017-04-20,19.1700789442677
2017-04-21,18.719825615647462
2017-04-22,15.74957228702722
2017-04-23,16.812652291740307
2017-04-24,19.161287852008954
2017-04-25,20.914367856722045
2017-04-26,24.099670083657358
2017-04-27,27.581638977259338
2017-04-28,19.322496759750205
2017-04-29,17.81002120890774
2017-04-30,16.558656769176388
2017-05-01,23.709514551667258
2017-05-02,16.76926122304701
2017-05-03,16.221230116648993
2017-05-04,16.71986567691764
2017-05-05,15.34405679274184
2017-05-06,16.698247908566046
2017-05-07,15.2579945799458
2017-05-08,13.278852362436668
2017-05-09,14.919710144927535
2017-05-10,18.69612348297396
2017-05-11,18.490314598798165
2017-05-12,19.252283492400142
2017-05-13,20.958696830446563
2017-05-14,21.15177683515966
2017-05-15,19.41930128431719
2017-05-16,23.989047955696947
2017-05-17,31.30212796041004
2017-05-18,33.25187463178979
2017-05-19,18.56939908094733
2017-05-20,21.155812418993754
2017-05-21,24.140003534817957
2017-05-22,21.521972428419936
2017-05-23,24.965052433133025
2017-05-24,24.098132437846118
2017-05-25,23.566767998114763
2017-05-26,23.1842924472723
2017-05-27,25.7584835630965
2017-05-28,26.26934134558737
2017-05-29,26.54797690585601
2017-05-30,26.065501355013552
2017-05-31,25.16858135972664
2017-06-01,23.424994697773066
2017-06-02,24.434741369152825
2017-06-03,25.456710262754804
2017-06-04,28.910901378579005
2017-06-05,25.02953693884765
2017-06-06,23.940394721338517
2017-06-07,23.696808059384942
2017-06-08,24.3965547307647
2017-06-09,25.464079179922237
2017-06-10,29.70160362907977
2017-06-11,33.228016967126194
2017-06-12,34.017763638505954
2017-06-13,34.56862142099682
2017-06-14,31.13947920348768
2017-06-15,31.455892541534112
2017-06-16,31.096750324024978
2017-06-17,32.50649699540474
2017-06-18,33.97179922234005
2017-06-19,29.14599033816425
2017-06-20,27.03018145398845
2017-06-21,25.86770590314599
2017-06-22,29.35189701897019
2017-06-23,31.55053257923884
2017-06-24,28.87472369506304
2017-06-25,25.610025921998346
2017-06-26,24.840061482266997
2017-06-27,23.711741486980088
2017-06-28,26.06926593613762
2017-06-29,31.314568163072934
2017-06-30,31.265425945563805
2017-07-01,31.098505950276895
2017-07-02,31.14311928832332
2017-07-03,29.067999293036408
2017-07-04,27.976634853305054
2017-07-05,29.48860374690704
2017-07-06,30.237239307175678
2017-07-07,31.219208200777658
2017-07-08,28.571177094379642
2017-07-09,28.204257099092736
2017-07-10,28.789681548250265
2017-07-11,31.474861552963354
2017-07-12,32.705719335454226
2017-07-13,33.267688229056205
2017-07-14,31.119657122658186
2017-07-15,28.49718157181572
2017-07-16,30.61470602097326
2017-07-17,27.147786025686344
2017-07-18,30.01419936373277
2017-07-19,33.84505714622364
2017-07-20,33.7459149287145
2017-07-21,33.557883822316484
2017-07-22,33.512074938140685
2017-07-23,31.877377165076002
2017-07-24,28.5315682809002
2017-07-25,26.81909273005774
2017-07-26,28.72883940143749
2017-07-27,32.20525273948392
2017-07-28,28.857221633085896
2017-07-29,28.274746082243432
2017-07-30,30.103381642512076
2017-07-31,31.51090609166961
2017-08-01,31.952874985271592
2017-08-02,32.06151054554023
2017-08-03,31.17570166136444
2017-08-04,30.519892777188645
2017-08-05,26.19297278190173
2017-08-06,27.148275008837047
2017-08-07,27.87357723577236
2017-08-08,27.27776835159656
2017-08-09,29.87751502297632
2017-08-10,29.88726169435607
2017-08-11,30.069230587958057
2017-08-12,28.15008837044892
2017-08-13,27.99983504182868
2017-08-14,29.529581713208437
2017-08-15,29.36488394014375
2017-08-16,29.20974172263462
2017-08-17,32.51437728290327
2017-08-18,31.590790620949686
2017-08-19,29.401648403440554
2017-08-20,29.061395074820318
2017-08-21,32.72891952397785
2017-08-22,32.8675550842465
2017-08-23,26.70507953340403
2017-08-24,24.67260398256156
2017-08-25,23.686795098385765
2017-08-26,23.84098621420997
2017-08-27,26.146288441145277
2017-08-28,28.108257334747258
2017-08-29,28.50022622834924
2017-08-30,27.418861788617882
2017-08-31,27.918608459997643
2017-09-01,22.41946624248851
2017-09-02,23.706990691646048
2017-09-03,25.446737363025804
2017-09-04,27.578706256627786
2017-09-05,25.411786261340875
2017-09-06,21.847088488276185
2017-09-07,22.056835159655947
2017-09-08,22.17435960881348
2017-09-09,20.42743961352657
2017-09-10,20.467186284906326
2017-09-11,23.258044067397194
2017-09-12,24.007790738776954
2017-09-13,26.720870743490046
2017-09-14,26.37950630375869
2017-09-15,26.994808530694
2017-09-16,27.120110757629313
2017-09-17,28.045412984564628
2017-09-18,30.560715211499947
2017-09-19,28.324906327324143
2017-09-20,29.910208554259455
2017-09-21,31.59753300341699
2017-09-22,31.82970189701897
2017-09-23,31.07500412395428
2017-09-24,31.58252857311182
2017-09-25,31.938941911158242
2017-09-26,32.468688582538
2017-09-27,31.329546365028868
2017-09-28,22.569293036408624
2017-09-29,23.900150818899494
2017-09-30,20.294341934723697
2017-10-01,19.064088606103454
2017-10-02,21.68494638859432
2017-10-03,25.503581948862966
2017-10-04,32.05666195357606
2017-10-05,24.46863084717804
2017-10-06,24.471710851891128
2017-10-07,29.843679745493105
2017-10-08,27.774537527983973
2017-10-09,28.27206197714151
2017-10-10,24.624030870743493
2017-10-11,21.973777542123244
2017-10-12,20.561301991280786
2017-10-13,24.436604218216097
2017-10-14,26.47190644515141
2017-10-15,30.510542005420056
2017-10-16,17.403622010133144
2017-10-17,19.313368681512905
2017-10-18,20.852004241781547
2017-10-19,23.273973135383528
2017-10-20,19.414830917874397
2017-10-21,23.187910922587484
2017-10-22,24.668768705078357
2017-10-23,27.047404265347
2017-10-24,20.05603982561565
2017-10-25,16.511342052550958
2017-10-26,13.656644279486274
2017-10-27,20.946390950866032
2017-10-28,13.642804288912455
2017-10-29,14.351439849181101
2017-10-30,13.768964298338636
2017-10-31,13.789822080829506
2017-11-01,13.227346529987038
2017-11-02,20.05820431247791
2017-11-03,18.079062094968776
2017-11-04,15.539919877459646
2017-11-05,22.682999882172737
2017-11-06,17.176079886885827
2017-11-07,14.076937669376694
2017-11-08,10.798906562978672
2017-11-09,12.263097678802875
2017-11-10,4.046177683515967
2017-11-11,7.920368799340167
2017-11-12,11.612337692942148
2017-11-13,12.670973253210793
2017-11-14,12.624053257923883
2017-11-15,14.726022151525864
2017-11-16,14.132435489572288
2017-11-17,11.754404383174268
2017-11-18,16.50748438788736
2017-11-19,12.489453281489338
2017-11-20,10.093644397313538
2017-11-21,15.250057735359963
2017-11-22,9.836471073406388
2017-11-23,9.236217744786144
2017-11-24,11.59374219394368
2017-11-25,19.10459997643455
2017-11-26,8.918791092258749
2017-11-27,12.347426652527396
2017-11-28,18.310506657240488
2017-11-29,15.538031106398021
